"delete_master_document","Delete master document"
"password_protection","Password-Protection"
"http_auth_warning","WARNING: This applies to all all websites"
"logger","Logger"
"redirect_unknown_domains_to_main_domain","Redirect unknown domains (not used for a site and for redirects, ...) to the main domain (above)"
"colorspace","Colorspace"
"in_this_case_a_developer_has_to_implement_a_logic_which_handles_this_action","In this case a developer has to implement the logic to handle this action (there are no further settings)"
"programmatically","Programmatically"
"hours","Horas"
"minutes","Minutos"
"seconds","Segundos"
"link_clicked","Enlace pulsado"
"number_of_links_clicked","Número de enlaces pulsados"
"operating_system","Sistema Operativo"
"hardware_platform","Plataforma de Hardware"
"tablet","Tabla"
"time_on_site","Time on site"
"visited_pages_before_number","Visited n-pages before"
"number","Número"
"visited_page_before","Página visitada anteriormente"
"searchengine","Motor de Búsqueda"
"referrer","Referido"
"referring_site","Referring Site"
"regular_expression","Expresión regular"
"method","Método"
"hardlink","Hardlink"
"convert_to","Convertir a"
"enable_targeting","Enable Targeting"
"AND","Y"
"OR","O"
"AND_NOT","Y NO"
"create_a_variant_from_this_page","Create a new variant from the current page to provide a modified version"
"radius_in_km","Radio (km)"
"replace","Reemplazar"
"redirect","Redirigir"
"event","Evento"
"code_snippet","Code-Snippet"
"browser","Navegador"
"conditions","Condiciones"
"problem_creating_new_target","Ha ocurrido un problema mientras se creaba un nuevo objeto"
"enter_the_name_of_the_new_target","Introduce el nombre del nuevo objeto"
"add_target","Añadir Objeto"
"targeting","Targeting"
"debug_admin_translations","Debug Admin-Translations (wrapped in +)"
"paste_inheritance","Pegar (herencia)"
"are_you_sure","¿Está seguro?"
"all_content_will_be_lost","Todo perderá todo el contenido"
"apply_new_master_document","Aplicar nuevo documento maestro"
"empty_content_master_content","Vaciar Contenido - Es útil después de definir un nuevo documento maestro"
"content_master_document","Content-Master Document"
"overwrite","Sobreescribir"
"click_right_to_overwrite","Click derecho para sobreescribir"
"open_document_by_id","Abrir documento mediante ID"
"open_asset_by_id","Abrir recurso mediante ID"
"open_object_by_id","Abrir objeto mediante ID"
"please_enter_the_id_of_the_asset","Por favor, ingrese el ID del recurso"
"please_enter_the_id_of_the_object","Por favor, ingrese el ID del objeto"
"please_enter_the_id_of_the_document","Por favor, ingrese el ID del documento"
"open_by_id","Abrir mediante ID"
"element_not_found","Elemento no encontrado"
"short_url","URL Corta"
"width_and_height_must_be_an_even_number","ancho y alto deben ser un número par"
"path_or_url_incl_http","Ruta o URL (incluído http://)"
"no_matching_document_found_for","No matching document found for"
"open_document_by_url","Abrir documento mediante URL"
"server_api_key","API-Key Servidor"
"browser_api_key","API-Key Navegador"
"add_childs","Añadir hijos"
"url_incl_http","URL incluído http://"
"import_from_url","Importar desde la URL"
"source_site","Sitio origen"
"target_site","Sitio destino"
"source_entire_url","Entire URL as Source"
"auto_reload","Autorecarga"
"do_you_really_want_to_leave_the_editmode","¿Quiere abandonar el modo edición? (NO!)"
"or_specify_an_asset_image_below","o especifique un recurso de imagen debajo"
"analytics_internalid","GA ID Interno"
"show_in_google_anaytics","Mostrar en Google Analytics"
"medium","Medio"
"style","Estilo"
"foreground_color","Color"
"background_color","Color de fondo"
"enter_the_name_of_the_new_qrcode","Ingrese el nombre del nuevo Código QR"
"problem_creating_new_qrcode","Ocurrió un problema mientras se creaba el Código QR"
"saved_successfully","Guardado correctamente"
"qr_codes","Códigos QR"
"add_qr_code","Añadir un Código QR"
"element","Elemento"
"notes","Notas"
"details_for_selected_event","Detelles del elemento seleccionado"
"fields","Campos"
"events","Eventos"
"analytics_settings_description","Para usar la integración completa de Google Analytics, por favor configure la Cuenta para Servicios API de Google en la Configuración del Sistema"
"webastertools_settings_description","Para usar la integración de Google Webmaster Tools, por favor configure la Cuenta para Servicios API de Google en la Configuración del Sistema"
"google_api_key_missing","Google API private key is missing (p12 file from API Console), please put it into the following location:"
"google_api_private_key_installed","Your Google API private key is installed correctly"
"google_api_access_description","This is required for the Google API integrations. Only use a `Service Account´ from the Google API Console."
"not_possible_with_paging","Sorry, this is not possible in elements which are paged, try to restructure your data to avoid pages in the tree"
"not_supported_by_your_browser","This feature is not supported by your browser, please update to the latest version"
"absolute_path_to_icc_rgb_profile","Ruta absoluta al perfil ICC RGB"
"absolute_path_to_icc_cmyk_profile","Ruta absoluta al perfil ICC CMYK"
"upload_path","Ruta de subida"
"inherited","Heredado"
"length","Distancia"
"selection_options","Selección de opciones"
"show_in_tree","Mostrar en arbol"
"exactmatch","Coincidencia exacta"
"open_document","Abrir documento"
"open_image","Abrir imagen"
"expiry","Expiración"
"mobile","Móvil"
"desktop","Escritorio"
"drag_me","Arrastrame"
"parameterPost","Parámetros POST"
"parameterGet","Parámetros GET"
"cookies","Cookies"
"serverVars","Variables de servidor"
"group_by_path","Agrupar por ruta"
"flush","Vaciar"
"errors_from_the_last_14_days","Errores en los últimos 14 días"
"http_errors","Errores HTTP"
"create_redirect_for_moved_renamed_page","Crear automáticamente una redirección cuando una página es movida o renombrada"
"show_close_warning","Mostrar advertencia de cierre"
"attributes","Atributos"
"matching_text","Texto coincidente"
"tag_saved_successfully","Etiqueta de guardado con éxito"
"thumbnail_saved_successfully","Imagen guardado con éxito"
"any","Cualquiera"
"http_method","Método HTTP"
"url_pattern","Patrón URL"
"beginning","Iniciando"
"element_css_selector","Elemento (selector CSS)"
"insert_position","Inserte la posición"
"code","Código"
"tags","Etiquetas"
"problem_creating_new_tag","Hubo un problema durante la creación de una nueva etiqueta"
"enter_the_name_of_the_new_tag","Ingrese el nombre de la nueva etiqueta"
"add_tag","Agregar etiqueta"
"tag_snippet_management","Tag & Snippet Management"
"import_class_definition","Importar Definición de Clase del Objeto"
"Click here to proceed","Click aqui para proceder"
"Your browser is not supported. Please install the latest version of one of the following browsers.","Tu navegador no es soportado. Por favor instale la ultima versión de uno de los siguientes navegadores."
"open_in_new_window","Abrir en una Ventana nueva"
"limit_reached","Limite alcanzado"
"robots_txt_exists_on_filesystem","El robots.txt ya existe en el directorio raiz del sistema de archivos"
"images_with_alt","Imagenes con alt-Text"
"images_without_alt","Imagenes sin alt-Text"
"external_links","Enlaces Externos"
"links","Enlaces"
"only_required_for_reporting_in_pimcore_but_not_for_code_integration","Lo siguiente es sólo necesario si quieres usar las funcionalidades de informes en pimcore, pero no es necesario para la integración de código."
"analytics_additional_code","Additional tracking parameters, eg. _gaq.push(['_setDomainName', 'example.com']);"
"analytics_additional_code_before_pageview","Additional tracking parameters, which need to be added before track page view, eg. _gaq.push (['_gat._anonymizeIp']);"
"casesensitive","sensible a mayúsculas"
"path_aliases","Alias de ruta"
"path_error_message","Una ruta debe comenzar con / y debería sólo contener los siguientes caracteres: a-zA-Z0-9-_./"
"pretty_url","URL Amigable"
"pretty_url_label","URL Amigable (sobreescribe el camino de la estructura-de-arbol)"
"search_engine_optimization","Optimización para los Motores de Búsqueda"
"save_success","Guardado con éxito"
"save_error","No se pueden guardar los datos"
"password_cannot_be_changed","No es posible cambiar la contrasela"
"old_password","Contraseña Antigua"
"new_password","Nueva Contraseña"
"retype_password","Repite la Contraseña"
"document_seo_analysis_overview","Resumen de Análisis SEO del Documento"
"clear_temp_files","Borrar archivos temporales"
"reports","Reportes"
"routes","Rutas"
"all_roles","Todos los Roles"
"add_role","Añadir Rol"
"role_creation_error","No es posible crear un rol"
"role_save_success","El Rol se ha guardado existosamente"
"role_save_error","No es posible guardar el rol"
"roles","Roles"
"workspaces","Espacios de trabajo"
"Username","Usuario"
"Password","Contraseña"
"Forgot your password","Ha olvidado su contraseña"
"Back to Login","Volver al inicio"
"Enter your username and pimcore will send a login link to your email address","Introduzca su nombre de usuario y le enviaremos a su dirección de correo electrónico un enlace de acceso temporal."
"Please check your mailbox.","Por favor revise su buzón de correo"
"Login","Iniciar sesión"
"Submit","Enviar"
"A temporary login link has been sent to your email address.","Un enlace de conexión temporal ha sido enviada a su dirección de correo electrónico"
"system_performance_stability_warning","Por favor, no realizar esta acción a menos que usted esté seguro de lo que está haciendo.Esta acción puede tener un gran impacto en la estabilidad y el rendimiento de todo el sistema, y podrá ser la causa de una sobrecarga o caída completa del servidor!¿Esta seguro?"
"use_current_player_position_as_preview","Use current player position as preview"
"select_image_preview","Seleccione Imagen Previa"
"preview_not_available","Vista previa no disponible"
"status","Estado"
"video_preview_in_progress","La vista previa de este vídeo está actualmente en curso"
"video_bitrate","Bitrate de Video (kB/s)"
"audio_bitrate","Bitrate de Audio (kB/s)"
"php_cli_binary_and_or_ffmpeg_binary_setting_is_missing","PHP-CLI binary or FFMPEG is not available, please ensure that both are installed/executable and configured in the system settings!"
"video_thumbnails","Vista previa de video"
"absolute_path_to_qtfaststart","Ruta absoluta a qtfaststart"
"absolute_path_to_ffmpeg_binary","Ruta absoluta a FFMPEG"
"absolute_path_to_php_cli_binary","Ruta absoluta a PHP-CLI"
"module_optional","Módulo (opcional)"
"do_you_really_want_to_close_pimcore","¿Realmente quiere cerrar pimcore?"
"valid_languages_frontend_description","This setting is used in documents to specify the content language (in properties tab) and for objects in localized-fields, ... simply everywhere the editor can choose or use a language for the content."
"maximum_items","Items máx."
"drop_element_here","Suelte el elemento aquí"
"select_specific_area_of_image","Seleccione un área específica de la imagen"
"insert_video_url_here","Inserte la URL del video aquí"
"error_pasting_asset","Imposible pegar el recurso"
"error_pasting_document","No se pudo pegar el documento en esta ubicación."
"paste_recursive_updating_references","Pegado recursivo, actualizando referencias"
"collapsed","Colapsado"
"add_hardlink","Agregar un enlace directo"
"source_path","Ruta de origen"
"properties_from_source","Usar propiedades del documento de origen"
"inherited_properties_from_source","Heredar propiedades del documento de origen"
"childs_from_source","Usar hijos del documento de origen"
"hardlink_properties","Configuración del enlace directo"
"click_right_for_more_options","Click derecho para más opciones"
"clear_only_output_cache","Limpiar sólo el caché de salida"
"move_to_tab","Mover a pestaña"
"not_supported","No soportado"
"show_random_pictures_on_login_screen","Mostrar fotos aleatorias en la pantalla de ingreso"
"url_to_custom_image_on_login_screen","URL a una imagen personalizada para la pantalla de ingreso"
"system_infos_and_tools","Información del Sistema y Herramientas"
"edit_link","Editar Enlace"
"view_suffix","Ver sufijo"
"sepia","Sepia"
"grayscale","Escala de Grises"
"nothing_to_configure","Nada para configurar"
"enter_the_name_of_the_new_thumbnail","Ingrese el nombre para la nueva Miñatura"
"problem_creating_new_thumbnail","Imposible crear la Miñatura, por favor chequee el nombre! (caracteres permitidos: a-z A-Z 0-9 _- )"
"preview_url","Previsualizar URL"
"opacity","Opacidad"
"applymask","Aplicar Máscara"
"addoverlay","Agregar superposición"
"important_use_imagick_pecl_extensions_for_best_results_gd_is_just_a_fallback_with_less_quality","IMPORTANTE: Para obtener mejores resultados utilice la extension PECL imagick,GDlib es una opción de menor calidad!"
"add_thumbnail","Agregar Vista en Miñatura"
"transformations","Transformaciones"
"frame","Marco"
"setbackgroundcolor","Definir el color de fondo"
"setbackgroundimage","Definir la imagen de fondo"
"roundcorners","Esquinas redondeadas"
"resize","Redimensionar"
"scalebyheight","Ajustar Verticalmente"
"scalebywidth","Ajustar Horizontalmente"
"crop","Cortar"
"rotate","Girar"
"color","Color"
"positioning","Posicionamiento"
"angle","Angulo"
"label_width","Ancho de Etiqueta"
"label_first_cell","Etiqueta de la primera celda"
"cleanup","Limpieza"
"this_element_cannot_be_edited","Este elemento no puede ser editado"
"cache_disable_cookies","Desactivar las Cookies (separado por comas)"
"click_here_to_proceed","Click aquí para proceder"
"extensionmanager_upload_finished","Su extensión fue enviada exitosamente al repositorio de extensiones.Por favor hacer click en el siguiente enlace para completar la carga y añadir información adicional a su extensión"
"path_to_lessc_optional","Ruta de acceso a lessc (opcional)"
"details","Detalles"
"only_for_ip","Sólo para IP (opcional)"
"extension_is_up_to_date","Extensión actualizada"
"update_information","Actulizar Información"
"files","Archivos"
"share_extension_upload_summary","Los siguientes archivos serán transferidos al extension hub en pimcore.org"
"number_of_files","Número de archivos"
"share_extension_description","Has de usar expresiionnes regulares - una expresión por línea"
"next","Siguiente"
"exclude_files","Excluir Archivos"
"collecting_download_information","Recopilando Información de Descargas"
"share","Comparte"
"push_update","Empezar actualización"
"collecting_update_information","Recoplilando Información de Actualizaciones.Espera por favor ..."
"extensions_upload_agree_text","Esta estensión no se publicará automaticamente al compartirla. primero tendrás la posibilidad de editar algunos detalles, permisos y dependencias del plugin. Después decidirás si la extensión se publica o no."
"extension_upload_proceed","He leído el antedicho. ¡Proceder con la subida ahora!"
"please_dont_forget_to_reload_pimcore_after_modifications","Por favor no olvides de recargar pimcore, despues de las modificaciones"
"enable","Activado"
"disable","Desactivado"
"configure","Configurar"
"download_extension","Descargar Extensiones"
"manage_extensions","Gestionar Extensiones"
"share_extension","Compartir Extensiones"
"beginning_with_ending_with_optional_slash","Empezando con, ... y terminando con una barra oblicua opcional"
"beginning_with","Empezando con"
"matching_exact","Coincidiendo exactamente"
"add_expert_mode","Añadir (Modo Experto)"
"add_beginner_mode","Añadir (Principiante)"
"cannot_save_object_please_try_to_edit_the_object_in_detail_view","¡No se pudo guardar el objeto!Por favor intenta editar el objeto en la vista de detalles."
"size","Tamaño"
"select_a_file","Selecciona un archivo"
"upload_compatibility_mode","Subir Archivo (Modo Compatibilidad)"
"lowest","la menor"
"highest","la mayor"
"override_all","Anular todo"
"the_system_is_in_maintenance_mode_please_wait","El sistema se encuentra en modo de mantenimiento, espere por favor"
"activate","Activar"
"maintenance_mode","Modo de Mantenimiento"
"translate_content_to","Traducir contenido al"
"translate_api_key","Traducir Clave de API"
"image_is_too_small","La imagen es muy pequeña, por favor intente con una más grande."
"new_version_available","Existe una nueva versión disponible"
"countrymultiselect","Países (Selección múltiple)"
"languagemultiselect","Idiomas (Selección múltiple)"
"countrymultiselect_settings","Configuración de Países"
"languagemultiselect_settings","Configuración de Idiomas"
"allow_capitals_for_documents","Permitir mayúsculas en el URL"
"exif_data","Datos EXIF"
"dimensions","Dimensiones"
"image_details","Detalle de Imágenes"
"yes","Sí"
"no","No"
"allow_trailing_slash_for_documents","Permitir barra final en la URL"
"none","Ninguno"
"name_is_not_allowed","Nombre no permitido"
"system_properties","Propiedades de Sistema"
"localizedfields","Campos Localizados"
"localizedfields_settings","Configuración de Campos Localizados"
"import_from_server","Importar desde el Servidor"
"upload_files","Subir Archivos"
"upload_zip","Subir Carpeta ZIP"
"new_folder","Nueva Carpeta"
"please_enter_the_name_of_the_new_folder","Favor introduzca el nombre de la nueva carpeta"
"please_enter_the_name_of_the_new_file","Favor introduzca el nombre del nuevo archivo"
"new_file","Nuevo Archivo"
"document_root","Raíz de Documentos"
"server_fileexplorer","Explorador de Archivos del Servidor"
"proxy_host","Host Proxy"
"proxy_port","Puerto Proxy"
"proxy_user","Usuario Proxy"
"proxy_pass","Contraseña Proxy"
"proxy_settings","Configuración Proxy"
"select_connectivity_type","Elige Tipo de Conectividad"
"proxy","Proxy"
"direct_socket","Directo (Zócalo)"
"http_connectivity_direct_proxy","Conectividad HTTP (directa, proxy, ...)"
"parent_element","Elemento Madre"
"import_fieldcollection_definition","Importar Definición de Colección de Campos"
"fieldcollections_settings","Configuración (Colección de Campos)"
"batch_change_selected","Cambio por lote seleccionado"
"gridview","Vista Cuadrícula"
"modificationDate","Fecha de Modificación"
"creationDate","Fecha de creación"
"visibility_of_system_properties","Visibilidad de las propiedades del sistema"
"translate","traducir"
"translations_admin_hint","PISTA: Favor Actualizar Interfaz para aplicar cambios de traducción"
"download_as_zip","Descargar como carpeta ZIP"
"locked","Bloqueado"
"element_cannot_be_move_because_it_is_locked","El elemento no puede ser movido porque está bloqueado"
"element_cannot_be_moved","El elemento no puede ser movido aquí"
"lock","Bloquear"
"unlock","Desbloquear"
"lock_and_propagate_to_childs","Bloquear y propagar a hijos"
"no_collections_allowed","Colecciones no permitidas"
"allowed_types","Tipos permitidos"
"columnlength","Longitud de columna"
"this_is_a_newer_not_published_version","Esta es una versión más reciente no publicada"
"direct_sql_query","Consulta directa de SQL"
"filter_condition","Condición de filtro"
"creationdate","Fecha de creación"
"modificationdate","Fecha de modificación"
"all_types","Todos los tipos"
"audio","Audio"
"video","Video"
"archive","Archivo"
"unknown","Desconocido"
"class","Clase"
"page","Página"
"snippet","Fragmento"
"folder","Carpeta"
"your_selection","Su selección"
"double_click_to_add_item_to_selection","Haga doble clic sobre algún item a la derecha para añadirlo a esta selección."
"visible_in_searchresult","Visualizable en Resultados de Búsqueda"
"visible_in_gridview","Visualizable en Vista Cuadrícula"
"fieldcollections","Colecciones de Campos"
"fieldcollection_saved_successfully","La Colección de Campos se guardó con éxito"
"problem_creating_new_fieldcollection","Hubo un error al crear la colección de campos"
"enter_the_name_of_the_new_fieldcollection","Introduzca el nombre de la nueva colección de campos"
"add_fieldcollection","Añadir Colección de Campos"
"field_collections","Colecciones de Campos"
"block","Bloque"
"update_flash","Su Plugin de Flash está desactualizado. Por favor actulícelo!"
"tooltip","Consejo"
"label","Etiqueta"
"objectsid","Objetos (ID's)"
"decimalPrecision","Precisión decimal"
"css_style","Estilo CSS"
"error_auth_failed","¡Falló el inicio de sesión! Por favor, inténtelo de nuevo"
"error_user_inactive","Este usuario ha sido designado inactivo"
"error_session_expired","¡La sesión expiró! Por favor, acceda otra vez."
"settings_save_success","Configuración guardada correctamente"
"variation_page","Página de Variación"
"add_variation_page","Añadir Página de Variación"
"navigation_summary","Resumen de navegación"
"prev_pages","Páginas Anteriores"
"next_pages","Páginas Siguientes"
"site","Sitio"
"descending","Descendente"
"ascending","Ascendente"
"sort","Ordenar"
"results","Resultados"
"dimension","Dimensión"
"metric","Métrico / Métrica"
"data_explorer","Explorador de datos"
"navigation","Navegación"
"bounces","Rebotes"
"entrances","Entradas"
"exits","Salidas"
"uniquePageviews","Páginas únicas vistas"
"debug_mode_on","MODO DE DEPURACION"
"restore","Restaurar - Restaure"
"amount","Cantidad"
"flush_recyclebin","Vaciar papelera"
"recyclebin","Papelera"
"deletedby","Borrado por"
"add_setting","Agregar funcionalidad - Agregue Configuración"
"website_settings","Configuración del sitio web"
"reverse","Invertir - revertir - retroceder- retroceso"
"geopolygon","Polígono Geográfico"
"open_select_editor","Editor de Selección libre"
"geobounds","Límites Geográficos"
"ignore","Ignorar"
"sure_to_install_unstable_update","¿Está seguro de querer instalar una versión que potencialmente no funcione?"
"there_was_a_problem_creating_a_folder","Ocurrió un error mientras se creaba la nueva carpeta"
"empty_page","Página vacía"
"empty_snippet","Fragmento vacío"
"empty_email","Correo vacío"
"email_log_property","Propiedad clave"
"email_log_data","Datos"
"email_log_resend","Enviar Correo"
"email_log_resend_window_title","Reenviar Correo"
"email_log_resend_window_msg","Por favor, confirme si quiere enviar el email a todos los destinatarios."
"analytics_advanced_mode","Modo Avanzado"
"select_site","Seleccione un sitio"
"main_site","Sitio Principal"
"filename","Nombre de archivo"
"data_mapping","Mapeo de datos"
"unsupported_filetype","Tipo de archivo no soportado"
"class_saved_successfully","Clase guardada correctamente"
"class_save_error","No pudo guardarse la clase"
"show_root_node","Mostrar nodo raíz"
"root_folder","Carpeta Raiz"
"email_log_resend_window_success_message","El email se ha enviado exitosamente a todos los destinatarios."
"email_log_resend_window_error_message","Ha ocurrido un error. El email no ha podido reenviarse."
"condition","Condición"
"custom_views","Vistas Personalizadas"
"error_jobs","Fallaron los siguientes trabajos"
"batch_change","Asignación por lotes"
"batch_edit_field","Editar campos en lote"
"published","Publicado"
"all","todos - todas"
"items_per_page","Items por página"
"analytics_accountid","ID de cuenta (ej: 1234567)"
"reload_pimcore_changes","Tiene que reiniciar Pimcore para que los cambios tengan efectos ¿quiere hacerlo ahora?"
"info","Información"
"ab_test_was_created_successfully","Se creó correctamente su A/B"
"ab_test_error","Hubo un error al crear su prueba A/B."
"add_your_test_pages","Ahora agregar sus páginas a este experimento"
"create_ab_description","Aquí puede crear nuevas pruebas A/B con Google Analytics y Google Websiteoptimizer"
"experiment_name","Nombre del experimento"
"conversion_page","Página de metas de conversiones"
"test_page","Página de prueba"
"URL","URL"
"select_version","Seleccionar una versión"
"or","ó"
"link_settings","Configuración del enlace"
"error_pasting_object","Error al pegar objeto"
"paste_contents","Pegar los contenidos solamente aquí"
"paste_as_child","Pegar como hijo"
"paste_recursive_as_childs","Pegar como hijo (recursivo) - Pegar como hijo dentro de si mismo"
"view_original","Ver Original"
"feed","Feed"
"no_objects_found","No se encontraron objetos"
"no_assets_found","No se encontraron recursos"
"no_documents_found","No se encontraron documentos"
"public_url","URL pública"
"create_ab_test","Crear prueba A/B"
"google_websiteoptimizer","Google Website Optimizer"
"pageviews","Páginas vistas - vistas de página"
"unique_pageviews","Páginas únicas vistas"
"visits","Visitas"
"pagespervisit","Páginas / Visita"
"average_timeonsite","Tiempo promedio en el sitio"
"bouncerate","Tasa de rebotes"
"link_sources","Orígenes de enlaces"
"google_crawling_issues","Cuestiones de Google Crawler (hacer clic en una fila para ver detalles)"
"detail","Detalle"
"crawling_issues","Problemas de Crawling"
"internal_keywords","Palabras clave internas"
"external_keywords","Palabras clave externas"
"google_webmastertools","Google Webmastertools"
"verification_filename_text","Verificationfilename<br /><small>required for verification</small>"
"analytics_notice","Por favor, lea la documentación sobre la integración de Google Analytics primero, para el modo avanzado tiene que modificar la configuración de Google Analytics."
"outputcache_lifetime_description","Optional output-cache lifetime (in seconds) after the cache expires, if not defined the cache will be cleaned on every action inside the CMS, otherwise not (for high traffic sites)"
"cache_exclude_patterns_description","Expresiones regulares como /^\/dir\/toexplude/"
"analytics_trackid_code","Track-ID (eg. UA-XXXXX-X)<br /><small>required for code integration</small>"
"analytics_settings_profile_description","Before you can select a profile you have to define your Google Analytics credentials for the account in the system settings (Google-Credentials) or in the fields below."
"report_settings","Configuración del informe"
"overview","Resumen"
"visitor_overview","Resumen de visitante"
"other","Otro"
"google_analytics","Google Analytics"
"select_a_report","Seleccionar un informe"
"reports_and_marketing","Informes & Comercialización"
"multiselect","Selección múltiple"
"multiselect_settings","Configuración de la selección múltiple"
"handler","Manejador"
"invisible","Invisible"
"only_configured_languages","Mostrar únicamente en los idiomas configurados en la configuración del sistema"
"language_settings","Configuración de idioma"
"forms","Formularios"
"add_form_component","Agregar componente de formulario"
"save_only_scheduled_tasks","Guardar solamente tareas programadas"
"minify_javascript_algorithm","Algoritmo de compactación javascript"
"modified_assets","Recursos modificados"
"modification_statistic","Cambios de los últimos 31 días"
"minify_javascript","Compactar Javascript"
"minify_css","Compactar CSS"
"content","Contenido"
"slider_settings","Configuración del deslizador"
"add_portlet","Añadir Portlet"
"system_statistics","Estadísticas del sistema"
"modified_documents","Documentos modificados"
"modified_objects","Objetos modificados"
"welcome","Bienvenido"
"save_and_publish","Guardar & Publicar"
"delete","Eliminar"
"save","Guardar"
"your_asset_has_been_saved_successfully","¡Se guardó correctamente su recurso!"
"add_assets","Agregar recurso(s)"
"preview","Vista previa"
"edit_image","Editar Imagen"
"simple","Simple"
"advanced","Avanzado"
"basic","Básico"
"permissions","Permisos"
"assets_permissions","Permisos de recursos"
"documents_permissions","Permisos de documentos"
"objects_permissions","Permisos de objetos"
"username","Nombre de Usuario"
"list","Lista"
"view","Ver"
"publish","Publicar"
"rename","Renombrar"
"create_childs","Crear hijos"
"settings","Configuraciones"
"properties","Propiedades"
"versions","Versiones"
"add","Agregar"
"date","Fecha"
"user","Usuario"
"note","Nota"
"available_versions","Versiones disponibles"
"controller_and_view_settings","Configuración de vista y controlador"
"email_from","De"
"email_subject","Asunto"
"email_to","Para"
"email_cc","CC"
"email_bcc","BCC"
"email_receive_empty_text","Liste der empfänger"
"email_settings","Configuración del email"
"email_settings_receiver_description","Multiple recipients can be specified by separating the email addresses with a semicolon. <br/>Example: receiver@pimcore.org; receiver2@pimcore.org"
"email_logs","Correo enviado"
"email_log_from","De"
"email_log_to","Para"
"email_log_cc","CC"
"email_log_bcc","BCC"
"email_log_sent_Date","Fecha de envío"
"email_log_subject","Asunto"
"email_log_show_html_email","Visualizar correo HTML"
"email_log_show_text_email","Visualizar correo de Texto"
"email_log_iframe_title_html","Versión HTML del correo"
"email_log_iframe_title_text","Versión de texto del correo"
"email_log_show_text_params","Visualizar parámetros dinámicos"
"email_log_iframe_title_params","Parámetros dinámicos"
"email_log_html","HTML"
"email_log_text","Texto"
"email_log_params","Parámetros dinámicos"
"predefined_document_type","Tipo de documento predefinido"
"controller","Controlador"
"module","Módulo"
"action","Acción"
"actions","Actions"
"template","Plantilla"
"path_and_key_settings","Configuración de ruta y clave"
"path","Ruta"
"key","Clave"
"id","ID"
"name_and_meta_data","Nombre & metadatos"
"name","Nombre"
"title","Título"
"description","Descripción"
"keywords","Palabras clave"
"your_document_has_been_saved","¡Se guardó correctamente su documento!"
"unpublish","Despublicar"
"internal_link","Enlaces internos"
"link_properties","Propiedades del enlace"
"target","Objetivo"
"type","Tipo"
"external_link","Enlace externo"
"add_folder","Agregar Carpeta"
"edit_filename","Editar el nombre de archivo"
"please_enter_the_name_of_the_folder","Por favor ingresar el nombre de la carpeta"
"upload_your_files_press_shift_to_select_multiple_files","Carga tus archivos, presiona 'Shift' para seleccionar multiples archivos"
"please_enter_the_new_name","Por favor ingresar el nuevo nombre:"
"the_filename_is_already_in_use","El nombre de archivo ya está en uso en este nivel, por favor elija otro."
"add_page","Agregar página"
"add_snippet","Agregar Snippet"
"add_email","Añadir Correo"
"add_link","Agregar enlace"
"copy","Copiar"
"paste","Pegar"
"edit_key","Editar clave"
"use_this_as_document_root_for_new_site","Usar como raíz de documentos para un sitio nuevo"
"please_enter_the_domains_for_the_new_site","Por favor ingresar el(los) dominio(s) para el nuevo sitio (separados por coma):"
"edit_site_domains","Editar dominios del sitio"
"please_enter_the_domains_for_the_site","Por favor ingresar el(los) dominio(s) para el sitio (separados por coma):"
"please_enter_the_new_key","Pior favor ingresar la clave nueva:"
"the_key_is_already_in_use_in_this_level_please_choose_an_other_key","La clave ya está en uso en este nivel, por favor elegir otra."
"close_all_tabs","Cerrar todas las pestañas"
"search","Buscar"
"import","Importar"
"export","Exportar"
"clear_cache","Borrar el caché"
"extensions","Extensiones"
"backup","Backup"
"glossary","Glosario"
"document_types","Tipos de documento"
"predefined_properties","Propiedades predefinidas"
"users","Usuarios"
"profile","Perfil de Usuario"
"system","Sistema"
"update","Actualizar"
"documentation","Documentación"
"report_bugs","Informar bugs"
"about","Acerca de"
"file","Archivo"
"extras","Extras"
"help","Ayuda"
"configuration","Configuration"
"content_type","Content-type"
"value","Valor"
"new_property","Nueva propiedad"
"add_a_predefined_property_set","Agregar un conjunto de propiedades predefinidas"
"select_a_property","Seleccionar una propiedad"
"add_a_custom_property","Agregar una propiedad personalizada"
"all_users","Todos los usuarios"
"general","General"
"admin","Admin"
"password","Contraseña"
"language","Lenguaje"
"please_enter_the_name","Por favor, ingrese el nombre:"
"new_document_type","Nuevo tipo de documento"
"system_settings","Configuración del sistema"
"timezone","Zona horaria"
"mysql_database","Base de datos MySQL"
"host","Servidor"
"database_name","Nombre de la base de datos"
"database_port","Puerto de la base de datos"
"chmod_folder","CHMOD Directorio"
"chmod_files","CHMOD Ficheros"
"hostname_for_webdav","Nombre del servidor para WebDAV"
"api_key","Clave de API"
"secret","Secreto"
"client_id","ID de cliente"
"image_thumbnails","Imagen Miniatura"
"thumbnails","Miniaturas"
"quality","Calidad"
"interlace","Entrelazar"
"aspect_ratio","Relación de aspecto"
"format","Formato"
"trees","Arboles"
"documents","Documentos"
"assets","Recursos"
"upload","Cargar"
"width","Ancho"
"height","Altura"
"empty","Vaciar"
"workflow","Flujo de trabajo"
"modify","Modificar"
"create","Crear"
"edit","Editar"
"logout","Salir"
"cache","Caché"
"temporary_files","Archivos temporales"
"clear_temporary_files","Borrar archivos temporales"
"store_version_history_in_days","Guardar el historial de versión durante x Días"
"store_version_history_in_steps","Guardar el historial de versión durante x Pasos"
"refresh","Refrescar"
"classes","Clases"
"static_routes","Rutas estáticas"
"add_class","Agregar Clase"
"enter_the_name_of_the_new_class","Por favor especificar el nombre de la nueva clase"
"layout","Diseño"
"add_layout_component","Agregar componente del diseño"
"add_data_component","Agregar componente de datos"
"accordion","Acordeón"
"fieldset","Fieldset"
"panel","Panel"
"tabpanel","Tabpanel"
"pattern","Patrón"
"variables","Variables"
"defaults","Valores por defecto"
"input","Input"
"checkbox","Checkbox"
"textarea","Textarea"
"wysiwyg","WYSIWYG"
"numeric","Número"
"href","Href"
"image","Imagen"
"select","Selecciona"
"objects","Objetos"
"structured","Estructurado"
"geo","Geográfico"
"base","Base"
"default_controller","Controlador por defecto"
"default_action","Acción por defecto"
"error_pages","Páginas de Error"
"no_preview_available","Lo siento, no está disponible la vista previa"
"add_object","Agregar objeto"
"basic_configuration","Configuración básica"
"allow_inherit","Permitir herencia"
"parent_class","Clase padre"
"general_settings","Configuración general"
"layout_settings","Opciones Del Tema (Administador Pimcore)"
"region","Región"
"border","Borde"
"collapsible","Colapsable"
"display_layout_to_users","Mostrar el diseño solamente a estos usuarios"
"date_settings","Configuración (Fecha)"
"input_settings","Configuración (Entrada)"
"textarea_settings","Configuración (Área de texto)"
"wysiwyg_settings","Configuración (WYSIWYG)"
"numeric_settings","Configuración (Número)"
"image_settings","Configuración (Imagen)"
"objects_settings","Configuración (Objetos)"
"nonownerobjects_settings","Configuración (Objetos Sin Dueño)"
"href_settings","Configuración (Href)"
"select_settings","Configuración (Select)"
"checkbox_settings","Configuración (Checkbox)"
"allowed_classes","Clases permitidas"
"display_name","Mostrar nombre"
"not_editable","No editable"
"floating","Elemento flotante"
"index","Indexado"
"mandatoryfield","Campo obligatorio"
"use_as_site","Usar como sitio"
"edit_domains","Editar dominios"
"remove_site","Quitar sitio"
"text","Texto"
"document","Documento"
"asset","Recurso"
"bool","Booleano"
"object","Objeto"
"remove","Quitar"
"your_object_has_been_saved","Tu objeto ha sido guardado"
"hidden_dependencies","Hay dependencias adicionales que su usuario no puede ver por no tener los permisos adecuados."
"loading","Cargando"
"open","Abrir"
"pimcore_setup","Instalador"
"pimcore_setup_not_allowed","Parece que pimcore ya está instalado. No es posible reinstalarlo."
"pimcore_setup_not_ready","Ha ocurrido un error. Pimcore no está listo para configurar"
"db_settings_found","INFO: Se encontró configuración de base de datos."
"db_already_setup","INFO: Se conectó a la base de datos."
"could_not_create_tables","ERROR: Falló la importación del volcado de la base de datos."
"could_not_create_dir_for_log","ERROR: No se pudo crear el directorio para el archivo de registro"
"could_not_write_log","ERROR: el archivo de registro no es escribible. Por favor ajustar los permisos."
"system_xml_not_writeable","ERROR: system.xml no es escribible."
"system_xml_dir_not_writeable","ERROR: El directorio website/var/config no es escribible."
"system_xml_exists","¡Atención! El archivo website/var/config/system.xml ya existe y será sobrescrito por el instalador."
"could_not_verify_db_encoding","ERROR: No se pudo determinar el conjunto de caracteres de la base de datos."
"wrong_db_encoding","ERROR: El conjunto de caracteres de la base de datos no está establecido a utf8."
"no_db_connection","ERROR: No se pudo establecer una conexión con la base de datos."
"db_adapter_unknown","ERROR: El adaptaro de base de datos es desconocido."
"could_not_create_admin_user","ERROR: No se pudo crear el usuario Admin."
"add_user","Agregar Usuario"
"could_not_write_system_xml","ERROR: No se pudo crear system.xml."
"pimcore_setup_completed","¡Se completó correctamente la configuración de pimcore!"
"submit","Enviar"
"steps_description","Si quiere usar pasos para versionar en lugar de días, por favor deje días vacío."
"days","Días"
"steps","Pasos"
"adapter","Adaptador de base de datos"
"dbname","Nombre de la base de datos"
"database","Base de datos"
"version_days","Días para versionar"
"version_steps","Pasos para versionar"
"problem_creating_new_class","Hubo un error, por favor asegurarse que el nombre de la clase tiene al menos 3 caracteres."
"seemode","Modo Vista"
"edit_current_page","Editar esta página"
"close","Cerrar"
"name_already_in_use","El nombre ya está en uso"
"name_and_key_must_be_defined","El nombre y el tipo tienen que estar definidos"
"mandatory_field_empty","Por favor llene todos los campos obligatorios"
"plugins","Plugins"
"plugin_info","Información del plugin"
"available_plugins","Plugins disponibles"
"settings_plugins","Opciones"
"plugin_classname","Nombre de la clase del plugin"
"plugin_includepaths","Rutas include del plugin"
"plugin_namespaces","Espacio de nombres del plugin"
"plugin_jspaths","Archivos JavaScript del plugin"
"plugin_csspaths","Archivos CSS del plugin"
"install","Instalar"
"uninstall","Desinstalar"
"plugin_uninstall_warning","¿Realmente quiere desinstalar este plugin? ¡ATENCION! ¡Se perderán todos los datos de este plugin!"
"some_fields_cannot_be_saved","No se pueden guardar algunos campos"
"icon_path","Ruta al icono"
"reload","Recargar"
"plugin_needs_reload","El plugin necesita una recarga de la interfaz de usuario para ser completamente funcional. ¿Quiere recargar ahora?"
"plugin_installing_please_wait","Se está instalando el plugin, por favor espere..."
"schedule","Calendario"
"time","Tiempo"
"version","Versión"
"active","Activo"
"success","Éxito"
"successful_saved_document","Se guardó su documento"
"error_moving_document","No se pudo mover su documento."
"translations","Traducciones de la Web"
"translations_admin","Traducciones del Administrador"
"debug_description","Cuando el modo de depuración esta activo; los errores y advertencias son presentados directamente en el navegador, Si no lo esta, estos mensajes se deshabilitan y se activa el controlador de error (Pagina de Error)"
"icon","Icono"
"add_document","Agregar documento"
"please_enter_the_name_of_the_new_document","Por favor ingresar el nombre del documento nuevo"
"successful_saved_asset","Recurso guardado correctamente"
"error_saving_asset","No se pudo guardar el recurso"
"error_saving_document","No se pudo guardar el documento"
"error_saving_object","No se pudo guardar el objeto"
"please_enter_the_name_of_the_new_object","Por favor introduzca el nombre del nuevo objeto"
"slider","Deslizador"
"name_not_valid","El nombre no es válido"
"filename_not_valid","El nombre no es válido"
"firstname","Nombre"
"lastname","Apellido"
"email","Email"
"cant_move_node_to_target","No es posible mover el nodo"
"error_moving_object","No se pudo mover el objeto"
"error_creating_object","No se puedo crear el objeto."
"error_creating_document","No se puedo crear el documento"
"domain","Dominio (ej: ejemplo.org)"
"translations_are_not_configured","Las traducciones no están configuradas"
"read_more_here","Leer más aquí"
"admin_theme","Tema del Admin"
"publish_version","Publicar versión"
"no_version","versión no disponible"
"save_only_new_version","Guardar solamente la versión nueva"
"there_is_a_newer_not_published_version","Hay una versión más nueva no publicada"
"datetime","Fecha y hora"
"google_credentials_and_api_keys","Google Credentials & API Keys"
"default_value","Valor por defecto"
"button","Botón"
"priority","Prioridad"
"from","De"
"to","Para"
"start","Inicio"
"end","Fin"
"location","Ubicación"
"every","Cada"
"su","Do"
"mo","Lu"
"tu","Ma"
"we","Mi"
"th","Ju"
"fr","Vi"
"sa","Sa"
"categories","Categorías"
"multihref","Multi-Href"
"session_error_text","Parece haber un problema con su sesión. ¿Quiere permanecer en ella bajo su propio riesgo?"
"session_error","Error de sesión"
"update_successful","¡Actualización exitosa!"
"select_plugin_update","Seleccionar actualizar plugin"
"select_update","Seleccionar actualización"
"stable_updates","Actualizaciones estables disponibles"
"non_stable_updates","Actualizaciones no estables disponibles"
"looking_for_updates","Pimcore está buscando nuevas versiones. Dependiendo de su versión, esto puede demorar un poco."
"please_wait","Por favor espere..."
"latest_version_already_installed","Tiene instalada la última versión."
"latest_pimcore_version_already_installed","Tiene instalada la última versión de pimcore."
"plugin_update_error","Hubo un error. Por favor verifique los permisos o inténtelo más tarde."
"update_error","Hubo un error."
"downloading_packages","Descargando paquetes..."
"start_update","Iniciar actualización"
"update_in_progress","Actualización en progreso..."
"plugindownload","Descargar plugins"
"download_plugins","Descargar plugins"
"download","Descargar"
"revision","Compilación"
"plugin_downloaded","Se descargó el plugin"
"plugin_downloaded_info","Se agregó un plugin. Por favor consultar la pestaña de plugins disponibles para instalarlo."
"plugin_download_failed","Falló la descarga"
"plugin_download_failed_info","Falló la descarga del plugin. ¡Por favor verificar los permisos!"
"plugin_repositories","Servidores de plugins (separados por coma)"
"inheritable","Heredable"
"mendatory_field_empty","El campo obligatorio está vacío"
"table","Tabla"
"rows","Filas"
"cols","Columnas"
"data","Datos"
"table_settings","Configuración de tabla"
"multihref_settings","Configuración Multihref"
"redirects","Redirigir"
"source","Fuente"
"language_admin","Lenguaje por defecto del administrador"
"valid_languages_frontend","Idiomas válidos en Frontend (ej: de, en)"
"link","Enlace"
"abbr","Abr."
"acronym","Acrónimo"
"downloading_plugin","Descargando plugin..."
"cache_enabled","Habilitar"
"cache_exclude_patterns","Excluir patrones"
"systemlog","Mensajes del sistema"
"stop","Detener"
"outputfilters","Filtros de salida"
"image_datauri_filter","DataURI de Imagen"
"dependencies","Dependencias"
"requires","Requiere"
"required_by","Requerido por"
"search_edit","Buscar, Editar y Exportar"
"subtype","Subtipo"
"minify_html","Comprimir HTML"
"initializing","Inicializando..."
"backup_error","Hubo un error al hacer backup"
"plugin_dir_error","El directorio del plugin no existe o no es escribible."
"user_save_success","Los datos del perfil del usuario se guardaron correctamente."
"user_save_error","No se pudieron guardar los datos del perfil del usuario."
"system_settings_save_success","La configuración del sistema se guardó correctamente."
"system_settings_save_error","No se pudo guardar la configuración del sistema."
"maintenance_not_active","Parece que el mantenimiento no está configurado correctamente"
"mail_settings_incomplete","Parece que la configuración del correo está incompleta"
"cover","Portada"
"contain","Contiene"
"please_select_a_type","Por favor seleccionar un tipo"
"min_value","Valor mín."
"max_value","Valor máx."
"increment","Incrementar paso"
"vertical","Vertical"
"datetime_settings","Configuración de fecha y hora"
"filter","Filtro"
"add_filter","Agregar filtro"
"field","Campo"
"operator","Operador"
"apply","Aplicar"
"clear_filter","Borrar filtro"
"output_cache","Caché de salida"
"lifetime","Vida"
"country","País"
"country_settings","Configuración de país"
"show","Mostrar"
"public","Público"
"maximum_2_versions","Puede comparar como máximo 2 versiones"
"error","Error"
"element_is_locked","Elemento en uso por otra persona"
"element_lock_message","El elemento deseado actualmente está abierto por otra persona:"
"element_lock_question","¿Quiere abrirlo de todas formas?"
"since","Desde"
"longitude","Longitud"
"latitude","Latitud"
"geopoint","Punto Geográfico"
"geopoint_settings","Configuración del punto geográfico"
"google_api_key_simple","Google API Key (Simple API Access for Maps, CSE, ...)"
"google_api_key_service","Google API Credentials (Service Account Client ID for Analytics, ...)"
"cancel","Cancelar"
"current_address","Dirección actual"
"open_search_editor","Abrir editor de busquedas"
"parameters","Parámetros"
"anchor","Ancla"
"accesskey","Clave de acceso"
"relation","Relación"
"tabindex","Indice de tabulación"
"not_set","no establecido"
"document_restrictions","Restricciones del documento"
"asset_restrictions","Restricciones del recurso"
"object_restrictions","Restricciones del objeto"
"allow_documents","permitir Documentos"
"allow_assets","permitir Recursos"
"allow_objects","permitir Objetos"
"allowed_types_hint","(vacío = permitir todo)"
"allowed_document_types","Tipos de documentos permitidos"
"allowed_asset_types","Tipos de recursos permitidos"
"export_csv","Exportar CSV"
"import_csv","Importar CSV"
"show_welcome_screen","Mostrar pantalla de bienvenida al inicio"
"edit_user_permissions","Editar los permisos del usuario"
"plugin_misconfiguration","No se pueden abrir los plugins. Por favor verificar los permisos de la carpeta de plugins y el servidor de plugins en la configuración del sistema"
"plugin_repositories_description","Especificar uno o más servidores de plugins a donde pimcore se conecte para descargar y actualizar los plugins"
"website","Sitio Web"
"plugin_build","plugin construido"
"permission_overwrite_children","Guardar y Forzar en hijos"
"permission_reset","Restablecer"
"superselectbox_empty_text","Por favor ingresar el valor deseado y presionar la tecla Intro"
"valid_languages_frontend_empty_text","Por favor elegir los idiomas válidos del sistema"
"language_download","Descargar los idiomas del sistema"
"language_downloaded","Se descargó el archivo de idioma"
"language_downloaded_info","El archivo de idioma fue instalado exitosamente.Es necesario recargar pimcore antes de que el nuevo idioma este disponible.Desea recargar pimcore ya?"
"language_download_failed","Falló la descarga del idioma del sistema"
"language_download_failed_info","No se pudo desacargar el archivo de idioma."
"language_translation_percentage","traducido"
"downloading_language","Descargando archivo de idioma..."
"user_creation_error","No se pudo crear el usuario"
"duplicate_username","los nombres de usuario y grupo de usuarios tienen que ser únicos!"
"importFileHasHeadRow","primera fila = encabezado"
"log_messages_user_mail_description","Email recipient of messages for activated log levels. This must be an admin user with a email address. Please make sure that the email settings are provided correctly if you want to use email logging."
"log_messages_user_mail_recipient","Log messages email recipient"
"loglevels","Niveles de Log"
"loglevels_description","Los datos generados por el Log para los niveles seleccionados seran escritos en el archivo website/var/log/debug.log.Los errores mas críticos siempren son tenidos en cuenta para su registro en el Log, Estos no deben ser desactivados."
"email_senderemail","Email del remitente"
"email_sendername","Nombre del remitente"
"email_returnemail","Retorno del correo electrónico"
"email_returnname","Volver  Nombre"
"email_method","Método de email"
"email_smtp_host","Host de SMTP"
"email_smtp_port","Puerto de SMTP"
"email_smtp_name","Nombre de SMTP"
"email_smtp_auth_method","Método de autenticación de SMTP"
"no_authentication","Sin autenticación"
"email_smtp_auth_username","Nombre de usuario de SMTP"
"email_smtp_auth_password","Contraseña de SMTP"
"email_smtp_ssl","Seguridad de transporte de SMTP"
"email_debug_addresses","Direcciones de email para depuración"
"email_debug_addresses_empty_text","Ingrese la lista de direcciones de email que están habilitadas para recibir emails de depuración"
"email_debug_domains","Debug email domains"
"email_debug_domains_empty_text","Enter a list of domains (e.g. pimcore.org) that are allowed to receive debug emails. All email addresses form this domains are allowed to receive debug emails."
"no_ssl","-"
"user_settings","Configuración del usuario"
"error_deleting_object","No se puedo eliminar el objeto"
"user_object_dependencies","Usuario - Dependencias del objeto"
"user_object_dependencies_description","Este usuario está referenciado por los siguientes objetos:"
"overwrite_object_with_same_key","Sobrescribir"
"overwrite_object_with_same_key_description","When overwrite is checked, instead of creating a new object for each import row, objects with the same key are replaced. Existing objects in your import folder with keys not contained in the import file will remain untouched. Please be aware that all objects which have a matching key in the import file will be replaced in the target folder. This is also true for objects based on a different class or even object folders! Object fields which are set to ignore in the field mapping keep their old value."
"object_import_filename_description","Seleccione los campos que son usados para generar el object key"
"save_pubish_close","Guardar, publicar y cerrar"
"save_close","Guardar y cerrar"
"webservice","Servicio Web API (Cacaterística Beta)"
"webservice_enabled","Servicio Web API activado"
"webservice_description","Enabling the web service allows all admin users to access the pimcore SOAP API (Note: web service must be enabled for the WSDL to become accessible). Please check the pimcore wiki to find out how the token needs to be generated."
"user_admin_description","Admin users do not only automatically gain all permissions listed below, they are also allowed to perform all actions on documents, assets and objects without any restrictions. Moreover, admin users can access pimcore assets through WebDAV and the pimcore SOAP API (Provided that WebDAV and web service access is enabled and configured in the system settings)"
"user_apikey_change_warning","Por favor tener en cuenta que cambiando la contraseña tambien se cambia la Clave de la API para los Servicios Web"
"user_apikey_description","API key required for web service access by this user"
"apikey","Clave API"
"successful_publish_document","Su documento ha sido publicado"
"successful_unpublish_document","Su documento ha sido ocultado"
"error_publish_document","Su documento no puede ser publicado"
"error_unpublish_document","Su documento no puede ser ocultado"
"successful_publish_object","Su objeto ha sido publicado"
"successful_unpublish_object","Su objeto ha sido ocultado"
"error_publish_object","Su objeto no puede ser publicado"
"error_unpublish_object","Su objeto no puede ser ocultado"
"error_general","El servidor lanzó una excepción - no se pudo realizar la acción"
"missing_permission","Faltan permisos para esta acción"
"lazy_loading","Carga diferida"
"lazy_loading_description","Lazy loading means that related objects are not loaded initially when the object is instantiated. When accessing the object programmatically, relations are only loaded when the according get method is called."
"lazy_loading_activated","(La Carga diferida esta Activada)"
"non_owner_description","Non owner objects represent relations to an other object just in the same way as objects do. The difference is, that a non owner object field is not the owner of the relation data, it is merely a view on data stored in other objects. Please choose the owner and field name where the data is originally stored."
"owner_class","Dueño de Clase"
"owner_field","Dueño de Campo"
"nonownerobject_warning","El objeto actual no es el propietario de las relaciones de estos, haciendo cambios aquí podría hacer guardar el objeto lento"
"element_implicit_edit_question","Would you still like to implicity modify it with this action?"
"element_is_open","Los elementos de referencia ya están abiertos"
"element_open_message","El elemento deseado  ya está abierto para editarse."
"nonownerobjects","Objetos (Sin Dueño)"
"nonownerobjects_self_selection","En los objetos sin dueño no es posible que exista una relacion a si mismo, Por favor utlize el campo original en lugar de un campo sin dueño."
"warning","Advertencia"
"csv_object_export_warning","Tenga en cuenta que la exportación CSV no es compatible con todo tipo de datos. Por lo tanto, volver a importar un CSV exportación a pimcore podría producir la pérdida de datos. Pulse Aceptar para continuar con la exportación."
"Initializing","Inicializando"
"import_archive","Archivo de Importación"
"export_archive","Exportar (Archivo)"
"element_export_skip_root","Exportar solo elementos secundarios"
"element_export_recursive","Incluir elementos secundarios"
"element_export_include_relations","Incluir elementos de referencia"
"exporting_elements","Exportando Elementos..."
"export_items_finished","Items finalizados"
"element_import_settings","Importar Configuraciones"
"element_import_overwrite","Sobrescribir el elemento si la ruta ya existe"
"importing_elements","Importando Elementos..."
"element_import","Elemento de Importación"
"element_import_finished","Importación Finalizada"
"element_import_finished_hint","Todos los elementos se han importado correctamente. Si los elementos relacionados fueron incluidos, pimcore trató de devolverlos a su ruta original. Si ese camino no existe, pimcore los devolvió a la carpeta raíz."
"error_renaming_object","Hubo un error mientras se renombraba el objeto."
"element_import_import","importar elementos - renombrar la clase de rutas duplicadas"
"navigation_settings","Opciones de Navegación"
"navigation_enhanced","Opciones Mayores de Navegación"
"navigation_target","Objetivo"
"navigation_basic","Opciones de Navegación Básicas"
"further_navigation_settings","Más Opciones de Navegación"
"navigation_exclude","Excluir de la Navegación"
"allow_variants","Permitir variantes"
"variants","Variantes"
"variant","Variante"
"add_variant","Añadir variante"
"please_enter_the_name_of_the_new_variant","Por favor inserte el nombre de la nueva variante"
"remove_variant","Eliminar variante"
"remove_variant_text","Está seguro de que desea eliminar esta variante"
"error_creating_variant","Error creando la variante"
"prevented creating object because object with same path+key already exists","La creación no fue posible porque la variante o el objeto con el mismo path+key ya existe"
"allowed_class_field","Clase/Campo Permitido"
"swf_upload_text_add","Añadir Archivo(s)"
"swf_upload_text_upload","Subir Archivo(s)"
"swf_upload_text_cancel","Cancelar Subida"
"swf_upload_text_clear","Limpiar Lista"
"swf_upload_text_progressbar","Barra de Progreso"
"swf_upload_text_remove","Eliminar Archivo"
"swf_upload_text_remove_sure","¿Está seguro de que desea eliminar este archivo de la lista?"
"swf_upload_text_error","Error"
"swf_upload_text_uploading","Subiendo archivo: {0} ({1} de {2})"
"swf_upload_header_filename","Nombre del archivo"
"swf_upload_header_size","Tamaño"
"swf_upload_header_status","Estado"
"swf_upload_status_queued","Añadido en la lista"
"swf_upload_status_uploading","Subiendo..."
"swf_upload_status_completed","Completado"
"swf_upload_status_error","Error"
"swf_upload_status_cancelled","Cancelado"
"swf_upload_error_queue_exceeded","Los archivos seleccionados exceden el número de {0} archivos en la lista."
"swf_upload_error_queue_slots_0","No queda mas espacio libre"
"swf_upload_error_queue_slots_1","Solo queda un espacio libre"
"swf_upload_error_queue_slots_2","Solo quedan {0} espacios libres"
"swf_upload_error_size_exceeded","Los archivos seleccionados exceden el límite permitido de {0}."
"swf_upload_error_zero_byte_file","Seleccionado archivo de cero byte."
"swf_upload_error_invalid_filetype","Formato de archivo seleccionado inválido"
"swf_upload_error_file_not_found","Archivo no encontrado 404."
"swf_upload_error_security_error","Error de Seguridad. No está permitido publicar en una diferente url"
"delete_message_dependencies","Hay dependencias, ¿borrar de todos modos?"
"delete_message","¿Desea eliminar este elemento?"
"objectbricks","Objectbricks"
"add_objectbrick","Añadir un Objectbrick"
"delete_objectbrick","Eliminar un Objectbrick"
"delete_objectbrick_text","¿Realmente quiere eliminar el objecto brick seleccionado?"
"class_definitions","Definición de Clases"
"enter_the_name_of_the_new_objectbrick","Inserte el nombre del nuevo Objectbrick"
"no_further_objectbricks_allowed","No se permiten más objectbricks"
"problem_creating_new_objectbrick","Problema al crear un nuevo Objectbrick"
"structuredTable","Tabla Estructurada"
"structuredTable_settings","Configurar Tabla Estructurada"
"position","Posición"
"structuredtable_type_number","Número"
"structuredtable_type_text","Texto"
"structuredtable_type_bool","Casilla de Verificación"
"structuredtable_invalid_key","Clave Inválida"
"data_width","Ancho de Columnas de Datos"
"grid_current_language","Idioma Actual"
"grid_column_config","Configuracón de Columna"
"selected_grid_columns","Columnas seleccionadas de la tabla"
"object_columns","Columnas de Objeto"
"system_columns","Columnas de Sistema"
"columns","Columnas"
"children_grid","Children Grid"
"only_children","just direct child objects"
"hotspotimage_add_selector","Agregar Hotspot"
"hotspotimage_enter_name_of_new_hotspot","Ingrese el nombre del nuevo Hotspot"
"hotspotimage","Imagen con Hotspots"
"hotspotimage_no_image","Por favor, defina una imagen primero"
"objectsMetadata_allowed_class","Clases Permitidas"
"objectsMetadata_visible_fields","Campos Visibles"
"objectsMetadata_type_number","Numero"
"objectsMetadata_type_text","Texto"
"objectsMetadata_type_bool","Lógico (Verdado o Falso)"
"objectsMetadata_type_select","Seleccionar"
"objectsMetadata_settings","Configuración (Objetos con metadata)"
"objectsMetadata","Objetos con Metadatos"
"objectbrick_saved_successfully","Objeto brick guardado correctamente"
"cut","Cortar"
"paste_cut_element","Pegar elementos cortados"
"file_explorer_saved_file_success","Saved successfully"
"file_explorer_saved_file_error","Cannot save file"
"reserved_field_names_error","Please do not use the following reserved field names: "
"","Agragar Grupo de Usuario"
"","Todas las clases"
"","Permitir ambos"
"","Aquí puede definir una cuenta de Google independiente para 'Analytics'. Si usted deja este espacio en blanco entonces se utilizará la cuenta Google definida en la configuracion del sistema"
"","ID de seguimiento (ej: UA-XXXXX-X)"
"","Deshabilitar cookie"
"","CDN"
"","CND Hostnames"
"","CND incluye patrones"
"","Eliminar usuario"
"","Eliminar grupo de usuarios"
"","Clave del desarrollador"
"","Modalidad de Etapa de Desarrollo"
"","La modailidad de Etapa de Desarrollo esta habilitada"
"","La sincronización esta completa. Iniciemos el administrador con la modalidad 'En Vivo'"
"","Desea mover el estado actual en el 'Modo de Etapa de Desarrollo' al sistema en vivo?"
"","Habilitar la modalidad de Etapa de Desarrollo"
"","Esta seguro que desea habilitar la Modalidad de Etapa de Desarrollo?NOTA: Porfavor realizar limpieza antes de continuar!"
"","La modalidad de Etapa de Desarrollo se encuentra lista. Ahora es posible cambiar a esta etapa."
"","Página de error"
"","Credenciales de Google"
"","La cuenta de Google se usa por ejemplo para YouTube y Analytics Integration"
"","Clave de Google Maps API"
"","El API-Key es recomendable para el campo del punto geográfico del objeto, esto activará un modo de edición más avanzado"
"","cargar datos ahora"
"","Parece que el mantenimiento no está adecuadamente configurado"
"","Recursos"
"","Clases"
"","Borrar caché"
"","Borrar archivos temporales"
"","Tipos de documento"
"","Documentos"
"","Formularios"
"","Objetos"
"","Plugins"
"","Propiedades predefinidas"
"","Rutas"
"","Modo Vista"
"","Configuración del sistema"
"","Miniaturas"
"","Traducciones"
"","Usuarios"
"","Glosario"
"","Redirigir"
"","Informes & Marketing"
"","Actualizar"
"","Por favor ingresar el nombre del grupo de usuarios:"
"","Por favor ingresar el nombre del usuario:"
"","API de Scribd (para vista previa de recursos)"
"","Elegir Colección de Campos"
"","Si usted desea utilizar la 'Modalidad de Etapa de Desarrollo' entonces necesita definir una base de datos Alternativa (con el mismo usuario y servidor) y el servidor que sera utilizado para el entorno de desarrollo."
"","Información del Sistema"
"","Hay dependencias ¿continuar de todas formas?"
"","Verificación del nombre de archivo"
"","Aquí puede definir una cuenta de Google independiente para 'Webmaster Tools'. Si usted deja este espacio en blanco entonces se utilizará la cuenta Google definida en la configuracion del sistema"
"","API de YouTube (para vista previa de recursos)"
"","Youtube no está configurado. Para activar la previsualización del video, por favor asegurese de que, Youtube está configurado correctamente en las opciones del sistema."
