"hardlink","Hardlink"
"convert_to","Convert to"
"enable_targeting","Enable Targeting"
"AND","AND"
"OR","OR"
"AND_NOT","AND NOT"
"create_a_variant_from_this_page","Create a new variant from the current page to provide a modified version"
"radius_in_km","Radius (km)"
"replace","Replace"
"redirect","Redirect"
"event","Event"
"code_snippet","Code-Snippet"
"browser","Browser"
"conditions","Conditions"
"problem_creating_new_target","There was a problem while creating a new target"
"enter_the_name_of_the_new_target","Enter the name of the new target"
"add_target","Add Target"
"targeting","Targeting"
"debug_admin_translations","Debug Admin-Translations (wrapped in +)"
"paste_inheritance","Paste (inheritance)"
"are_you_sure","Are you sure?"
"all_content_will_be_lost","All content will be lost"
"apply_new_master_document","Apply new master document"
"empty_content_master_content","Empty Content - This is useful after defining a new master document"
"content_master_document","Content-Master Document"
"overwrite","Overwrite"
"click_right_to_overwrite","Click right to overwrite"
"open_document_by_id","Open document by ID"
"open_asset_by_id","Open asset by ID"
"open_object_by_id","Open object by ID"
"please_enter_the_id_of_the_asset","Please enter the ID of the asset"
"please_enter_the_id_of_the_object","Please enter the ID of the object"
"please_enter_the_id_of_the_document","Please enter the ID of the document"
"open_by_id","Open by ID"
"element_not_found","Element not found"
"short_url","Short URL"
"width_and_height_must_be_an_even_number","width and height must be an even number"
"path_or_url_incl_http","Path or URL (also incl. http://)"
"no_matching_document_found_for","No matching document found for"
"open_document_by_url","Open document by URL"
"server_api_key","Server API-Key"
"browser_api_key","Browser API-Key"
"add_childs","Add Childs"
"url_incl_http","URL incl. http://"
"import_from_url","Import from URL"
"source_site","Source-Site"
"target_site","Target-Site"
"source_entire_url","Entire URL as Source"
"auto_reload","Auto-Reload"
"do_you_really_want_to_leave_the_editmode","Do you really want to leave the editmode (NO!)"
"or_specify_an_asset_image_below","or specify an asset image below"
"analytics_internalid","Identifiant interne GA"
"show_in_google_anaytics","Montrer dans Google Analytics"
"medium","Moyen"
"style","Style"
"foreground_color","Couleur de premier plan"
"background_color","Couleur d'arrière-plan"
"enter_the_name_of_the_new_qrcode","Entrez le nom du nouveau code QR"
"problem_creating_new_qrcode","Un problème est survenu durant la création du code QR"
"saved_successfully","Sauvegardé"
"qr_codes","Codes QR"
"add_qr_code","Ajouter un code QR"
"element","Element"
"notes","Notes"
"details_for_selected_event","Détails de l'élément sélectionné"
"fields","Champs"
"events","Evenements"
"analytics_settings_description","Pour garantir l'intégration complète de Google Analytics, veuillez configurer votre compte Google API Service dans les propriétés systèmes"
"webastertools_settings_description","To use the Google Webmaster Tools integration, please configure the Google API Service Account in System Settings"
"google_api_key_missing","La clé privée de l'API Google est absente (p12 de la console API), veuillez la mettre à l'endroit suivant :"
"google_api_private_key_installed","Votre clé Google API est installée correctement"
"google_api_access_description","Ceci est requis pour l'intégration de l'API Google. Utilisez seulement un "
"not_possible_with_paging","Désolé, ceci n'est pas possible avec les éléments qui sont paginés, essayez de restructurer vos données en évitant les pages dans votre arbre."
"not_supported_by_your_browser","Cette fonctionnalité n'est pas prise en charge par votre navigateur, veuillez le mettre à jour avec la dernière version."
"absolute_path_to_icc_rgb_profile","Chemin absolu vers le profil ICC RGB"
"absolute_path_to_icc_cmyk_profile","Chemin absolu vers le profil ICC CMYK"
"upload_path","Chemin du téléchargement sur le serveur."
"inherited","Hérité(e)(s)"
"length","Longueur"
"selection_options","Options de sélection"
"show_in_tree","Afficher dans l'arborescence"
"exactmatch","Correspondance exacte"
"open_document","Ouvrir un document"
"open_image","Ouvrir une image"
"expiry","Expiration"
"mobile","Téléphone portable"
"desktop","Bureau"
"drag_me","Glissé déposé moi"
"parameterPost","Paramètres POST"
"parameterGet","Paramètres GET"
"cookies","Cookies"
"serverVars","Variables du serveur"
"group_by_path","Grouper par chemin"
"flush","Vider"
"errors_from_the_last_14_days","Erreurs depuis les 14 derniers jours"
"http_errors","Erreurs HTTP"
"create_redirect_for_moved_renamed_page","Créer automatiquement une redirection lorsqu'une page est déplacée ou renommée"
"show_close_warning","Montrer la notification de fermeture"
"attributes","Attributs"
"matching_text","Texte correspondant"
"tag_saved_successfully","Le Tag a été sauvegardé"
"thumbnail_saved_successfully","La vignette à été sauvgardée"
"any","Tout"
"http_method","Methode HTTP"
"url_pattern","Format d'URL(Expression rationnelle ex: @success@i)"
"beginning","Début"
"element_css_selector","Elément (selecteur CSS)"
"insert_position","Insérer la Position"
"code","Code"
"tags","Tag"
"problem_creating_new_tag","Il y a eu un problème à la création du Tag"
"enter_the_name_of_the_new_tag","Entrez le nom du nouveau Tag"
"add_tag","Ajouter un Tag"
"tag_snippet_management","Gestion des Tags & Snippets"
"import_class_definition","Importer Définition Classe Objet"
"Click here to proceed","Cliquez ici pour valider"
"Your browser is not supported. Please install the latest version of one of the following browsers.","Votre navigateur n'est pas pris en charge. Veuillez privilégier une version plus récente parmis cette liste"
"open_in_new_window","Ouvrir dans une nouvelle fenêtre"
"limit_reached","Limite atteinte"
"robots_txt_exists_on_filesystem","Le fichier robots.txt existe déjà à la racine des fichiers"
"images_with_alt","Images avec du texte dans la balise alt"
"images_without_alt","Images sans texte dans la balise alt"
"external_links","Liens Externe"
"links","Liens"
"only_required_for_reporting_in_pimcore_but_not_for_code_integration","Ce qui suit n'est requis que si vous compter utiliser les fonctionnalités de rapports de pimcore, mais n'est pas nécessaire pour l'intégration"
"analytics_additional_code","Paramètres supplémentaires de tracking, eg."
"analytics_additional_code_before_pageview","Paramètres supplémentaires de tracking devant être ajoutés avant la visualisation du tracking de la page"
"casesensitive","Sensible à la casse"
"path_aliases","Alias de répertoire"
"path_error_message","Un chemin doit commencer par / et peut seulement contenir les caractères suivants: a-zA-Z0-9-_./"
"pretty_url","URL enjolivées"
"pretty_url_label","URL enjolivées (écrase le chemin de la structure arborescente)"
"search_engine_optimization","Référencement"
"save_success","Sauvegardé avec succès"
"save_error","Impossible de sauvegarder"
"password_cannot_be_changed","Le mot de passe ne peut être changé"
"old_password","Ancien mot de passe"
"new_password","Nouveau mot de passe"
"retype_password","Retapez votre mot de passe"
"document_seo_analysis_overview","Résumé de l'analyse de référencement du document"
"clear_temp_files","Vider les fichiers temporaires"
"reports","Rapports"
"routes","Routes"
"all_roles","Tous les Rôles"
"add_role","Ajouter un Rôle"
"role_creation_error","Le rôle n'a pas été créé"
"role_save_success","Le rôle a été sauvé"
"role_save_error","Impossible de sauver le rôle"
"roles","Rôles"
"workspaces","Zone de travail"
"Username","Login"
"Password","Mot de passe"
"Forgot your password","Mot de passe oublié"
"Back to Login","Retour au Login"
"Enter your username and pimcore will send a login link to your email address","Entrez votre login et pimcore vous renverra un lien pour vous connecter"
"Please check your mailbox.","Merci de consulter vos mails"
"Login","Login"
"Submit","Valider"
"A temporary login link has been sent to your email address.","Un lien temporaire a été envoyé à votre adresse email"
"system_performance_stability_warning","Attention : n'exécutez pas cette action à moins de savoir exactement ce que vous faites. Elle peut avoir un impact significatif sur la stabilité et les performances du système et peut causer une charge importante, voire un crash complet, du serveur !Etes-vous sûr(e) ?"
"use_current_player_position_as_preview","Utiliser la position courante du lecteur en tant que prévisualisation"
"select_image_preview","Sélectionnez la prévisualisation de l'image"
"preview_not_available","Prévisualisation indisponible"
"status","Statut"
"video_preview_in_progress","Le prévisualisation de cette vidéo est en cours de traitement"
"video_bitrate","Taux d'échantillonnage vidéo"
"audio_bitrate","Taux d'échantillonnage audio"
"php_cli_binary_and_or_ffmpeg_binary_setting_is_missing","L'exécutable PHP-CLI ou FFMPEG est indisponible, assurez-vous que les deux sont installés et exécutables et configurés dans les paramètres système"
"video_thumbnails","Miniatures vidéo"
"absolute_path_to_qtfaststart","Chemin absolu vers qtfaststart"
"absolute_path_to_ffmpeg_binary","Chemin absolu vers le binaire FFMPEG"
"absolute_path_to_php_cli_binary","Chemin absolu vers le binaire PHP en ligne de commande"
"module_optional","Module (optionel)"
"do_you_really_want_to_close_pimcore","Voulez vous vraiment quitter Pimcore ?"
"valid_languages_frontend_description","Ce paramètre est utilisé dans les documents pour spécifier le langage du contenu (dans l'onglet propriétés) et pour les objets dans les champs traduits,...en fait de partout où l'utilisateur peut choisir ou utiliser une langue pour un contenu donné"
"maximum_items","nombre max. d'éléments"
"drop_element_here","Déposer l'élément ici"
"select_specific_area_of_image","Sélectionner une zone spécifique de l'image"
"insert_video_url_here","Insérer le lien de la vidéo ici"
"error_pasting_asset","Impossible de coller l'élément"
"error_pasting_document","Le document ne peut pas être déplacé à cet endroit."
"paste_recursive_updating_references","Collage récursif, mis à jour des références"
"collapsed","Déployé"
"add_hardlink","Ajouter un lien physique"
"source_path","Chemin source"
"properties_from_source","Utiliser les propriétés du document source"
"inherited_properties_from_source","Hériter des propriétés du document source"
"childs_from_source","Utiliser les enfants du document source"
"hardlink_properties","Paramètres du lien physique"
"click_right_for_more_options","Cliquer avec le bouton droit pour plus d'options"
"clear_only_output_cache","Vider seulement le cache de sortie"
"move_to_tab","Déplacer vers onglets"
"not_supported","non maintenu"
"show_random_pictures_on_login_screen","Afficher des images aléatoires sur l'écran de connection"
"url_to_custom_image_on_login_screen","URL d'une image pour l'écran de connection"
"system_infos_and_tools","Outils & Infos système"
"edit_link","Editer le lien"
"view_suffix","Suffixe de vue"
"sepia","Sépia"
"grayscale","Dégradé de gris"
"nothing_to_configure","Rien à configurer"
"enter_the_name_of_the_new_thumbnail","Entrez le nom pour la nouvelle miniature :"
"problem_creating_new_thumbnail","Création de la miniature impossible, veuillez contrôler le nom ! (les caractères autorisés sont a-z A-Z 0-9 _-)"
"preview_url","URL de prévisualisation"
"opacity","Opacité"
"applymask","Appliquer Mask"
"addoverlay","Ajouter une couche"
"important_use_imagick_pecl_extensions_for_best_results_gd_is_just_a_fallback_with_less_quality","IMPORTANT : Utilisez l'extension PECL imagick pour de meilleurs résultats, GDlib est simplement une version de secours avec des fonctionnalités limités et une qualité inférieure !"
"add_thumbnail","Ajouter Miniature"
"transformations","Transformations"
"frame","Frame"
"setbackgroundcolor","Modifier la couleur de fond"
"setbackgroundimage","Modifier l'image de fond"
"roundcorners","Coins arrondis"
"resize","Redimensionner"
"scalebyheight","Retailler par Hauteur"
"scalebywidth","Retailler par Largeur"
"crop","Recadrer"
"rotate","Rotation"
"color","Couleur"
"positioning","Positionnement"
"angle","Inclinaison"
"label_width","Largeur du libellé"
"label_first_cell","Première cellule du libellé"
"cleanup","Nettoyage"
"this_element_cannot_be_edited","Cet élément ne peut pas être édité"
"cache_disable_cookies","Désactiver les cookies (séparé par des virgules)"
"click_here_to_proceed","Cliquez ici pour continuer"
"extensionmanager_upload_finished","Votre extension a correctement été envoyée dans la base d'extensions. Merci de cliquer sur le lien suivant pour terminer l'envoi et pour rajouter des informations complémentaires relatives à votre extension"
"path_to_lessc_optional","Chemin vers lessc (optionnel)"
"details","Détails"
"only_for_ip","Seulement pour l'IP (optionnel)"
"extension_is_up_to_date","Cette extension est à jour"
"update_information","Mettre à jour l'information"
"files","Fichiers"
"share_extension_upload_summary","Les fichiers suivants seront transférés dans la bibliothèque d'extension sur pimcore.org."
"number_of_files","Nombre de fichiers"
"share_extension_description","Vous devez utiliser des expressions régulières - Une expression par ligne"
"next","Suivant"
"exclude_files","Exclure les fichieres"
"collecting_download_information","Récupération des informations de téléchargement"
"share","Partage"
"push_update","Appuyer sur Mise à Jour"
"collecting_update_information","Récupération des informations de mises à jour. Merci de patienter..."
"extensions_upload_agree_text","Si vous désirez partage cette extension, elle ne sera pas publique pour tout le monde. Pour commencer vous avez la possibilité d'éditer quelques détails, permissions et dépendances pour le plugin. Après cette étape, vous pourrez décider de la rendre publique ou non."
"extension_upload_proceed","J'ai lu ce qui précédait. Continuer avec la mise à jour maintenant!"
"please_dont_forget_to_reload_pimcore_after_modifications","Merci de ne pas oublier de recharger pimcore après vos modifications"
"enable","Activé"
"disable","Désactivé"
"configure","Configure"
"download_extension","Télécharger des extensions"
"manage_extensions","Gérer les extensions"
"share_extension","Partager des extensions"
"beginning_with_ending_with_optional_slash","Commençant par, ... et se terminant par avant un slash optionnel"
"beginning_with","Commençant par"
"matching_exact","Correspondant exactement"
"add_expert_mode","Rajouter (mode expert)"
"add_beginner_mode","Rajouter (débutant)"
"cannot_save_object_please_try_to_edit_the_object_in_detail_view","Impossible de sauver l'objet!Essayer d'éditer l'objet dans la vue détaillée"
"size","Taille"
"select_a_file","Sélectionnez un fichier"
"upload_compatibility_mode","Envoyer un fichier (mode compatibilité)"
"lowest","le plus petit"
"highest","le plus haut"
"override_all","tout écraser"
"the_system_is_in_maintenance_mode_please_wait","le système est dans le mode maintenance, merci de patienter"
"activate","Activer"
"maintenance_mode","Mode maintenance"
"translate_content_to","Traduire le contenu en"
"translate_api_key","Traduire la clé API"
"image_is_too_small","Image trop petite, choisissez en une plus grande svp"
"new_version_available","Nouvelle version disponible"
"countrymultiselect","Pays (multisélection)"
"languagemultiselect","Langues (multisélection)"
"countrymultiselect_settings","Paramètres régionaux"
"languagemultiselect_settings","Paramètres de langue"
"allow_capitals_for_documents","Autoriser les majuscules dans les URL"
"exif_data","Données EXIF"
"dimensions","Dimensions"
"image_details","Détails de l'image"
"yes","Oui"
"no","Non"
"allow_trailing_slash_for_documents","Autoriser les slashs en fin d'URL"
"none","Aucun"
"name_is_not_allowed","Nom n'est pas autorisé"
"system_properties","Propriétés système"
"localizedfields","Champs localisés"
"localizedfields_settings","Paramètres des champs localisés"
"import_from_server","Importer depuis le serveur"
"upload_files","Uploader des fichiers"
"upload_zip","Uploader un fichier ZIP"
"new_folder","Nouveau dossier"
"please_enter_the_name_of_the_new_folder","Entrez le nom du nouveau dossier"
"please_enter_the_name_of_the_new_file","Entrez le nom du nouveau fichier"
"new_file","Nouveau fichier"
"document_root","Répertoire racine du site"
"server_fileexplorer","Explorateur de fichier serveur"
"proxy_host","Host du proxy"
"proxy_port","Port du proxy"
"proxy_user","Utilisateur du proxy"
"proxy_pass","Mot de passe du proxy"
"proxy_settings","Configurations du proxy"
"select_connectivity_type","Choisir le type de connexion"
"proxy","Proxy"
"direct_socket","Directe (Socket)"
"http_connectivity_direct_proxy","Connection HTTP (directe, proxy,...)"
"parent_element","Element parent"
"import_fieldcollection_definition","Importer Définition de collection de champs"
"fieldcollections_settings","Configuration (collection de champs)"
"batch_change_selected","Changement par lot sélectionné"
"gridview","Vue en liste"
"modificationDate","Date de modification"
"creationDate","Date de création"
"visibility_of_system_properties","Visibilité des propriété systèmes"
"translate","Traduire"
"translations_admin_hint","Veuillez recharger l'application pour appliquer les changements sur les traductions"
"download_as_zip","Télécharger un fichier ZIP"
"locked","Verrouillé"
"element_cannot_be_move_because_it_is_locked","L'élément de peut être déplacé, car il est verrouillé"
"element_cannot_be_moved","L'élément ne peut être déplacé ici"
"lock","Verrouiller"
"unlock","Déverrouiller"
"lock_and_propagate_to_childs","Verrouiller et propager aux enfants"
"no_collections_allowed","Pas de collections authorisés"
"allowed_types","Types autorisés"
"columnlength","Largeur colonne"
"this_is_a_newer_not_published_version","Ceci est une version plus récente"
"direct_sql_query","Requête SQL directe"
"filter_condition","Condition de filtre"
"creationdate","Date de création"
"modificationdate","Date de modification"
"all_types","Tous les types"
"audio","Audio"
"video","Vidéo"
"archive","Archive"
"unknown","Inconnu"
"class","Classe"
"page","Page"
"snippet","Element"
"folder","Dossier"
"your_selection","Votre sélection"
"double_click_to_add_item_to_selection","Double-cliquez sur un élément pour l'ajouter à la sléction"
"visible_in_searchresult","Visible dans les résultats de recherche"
"visible_in_gridview","Visible sur la vue en 'grille'"
"fieldcollections","Ensemble de champs"
"fieldcollection_saved_successfully","L'ensemble de champs à bien été sauvegardé"
"problem_creating_new_fieldcollection","Il y a eu une erreur lors de la création de l'ensemble de champs"
"enter_the_name_of_the_new_fieldcollection","Entrez le nom de l'ensemble de champs"
"add_fieldcollection","Ajouter un ensemble de champs"
"field_collections","Ensemble de champs"
"block","Bloc"
"update_flash","Vous n'avez pas la dernière version du plugin Flash, merci de le mettre à jour!"
"tooltip","Bulle d'aide"
"label","Etiquette"
"objectsid","Objets (ID)"
"decimalPrecision","Précision décimale"
"css_style","Style CSS"
"error_auth_failed","Echec de la connexion. Merci d'essayer à nouveau."
"error_user_inactive","Cet utilisateur a été désactivé"
"error_session_expired","Votre session d'utilisateur a expiré, merci de vous reconnecter"
"settings_save_success","Configuration sauvegardée correctement"
"variation_page","Variante de page"
"add_variation_page","Ajouter une variante"
"navigation_summary","Résumé de navigation"
"prev_pages","Pages précédentes"
"next_pages","Pages suivantes"
"site","Site"
"descending","Décroissant"
"ascending","Croissant"
"sort","Trier"
"results","Résultats"
"dimension","Dimension"
"metric","Métrique"
"data_explorer","Explorateur de données"
"navigation","Navigation"
"bounces","Rebonds"
"entrances","Entrées"
"exits","Sorties"
"uniquePageviews","Consultation de page unique"
"debug_mode_on","MODE DEBUG"
"restore","Restaurer"
"amount","Quantité"
"flush_recyclebin","Vider la corbeille"
"recyclebin","Corbeille"
"deletedby","Effacé par"
"add_setting","Ajouter le paramètre"
"website_settings","Paramètres du site"
"reverse","Revenir"
"geopolygon","Polygone géographique"
"open_select_editor","Ouvrir l'éditeur de sélection"
"geobounds","Limites géographiques"
"ignore","Ignorer"
"sure_to_install_unstable_update","Etes-vous sûr que vous voulez installer une version de travail non terminée?"
"there_was_a_problem_creating_a_folder","Problème rencontré pendant la création d'un nouveau dossier"
"empty_page","Page vide"
"empty_snippet","Snippet vide"
"empty_email","Email vide"
"email_log_property","Clé de la propriété"
"email_log_data","Données"
"email_log_resend","Envoyer l'e-mail"
"email_log_resend_window_title","Renvoyer l'e-mail"
"email_log_resend_window_msg","Merci de confirmer que vous souhaitez réexpédier l'e-mail à tous les destinataires"
"analytics_advanced_mode","Mode avancé"
"select_site","Sélectionnez un site"
"main_site","Site principal"
"filename","Nom du fichier"
"data_mapping","Données de cartographie"
"unsupported_filetype","Type de fichier non supporté"
"class_saved_successfully","Classe sauvegardé avec succès"
"class_save_error","La classe ne peut être sauvegardée"
"show_root_node","Afficher le noeud root"
"root_folder","Dossier racine"
"email_log_resend_window_success_message","L'e-mail a bien été envoyé à tous les destinataires"
"email_log_resend_window_error_message","Une erreur s'est produite. L'e-mail n'a pas été réexpédié"
"condition","Condition"
"custom_views","Vues personnalisées"
"error_jobs","Les travaux suivants ont échoué"
"batch_change","Attribution groupée"
"batch_edit_field","Edition des champs groupée"
"published","Publié"
"all","tout"
"items_per_page","Eléments par page"
"analytics_accountid","Numéro de compte (ex. 1234567)"
"reload_pimcore_changes","Vous devez recharger Pimcore pour que les changements soient effectifs, voulez-vous le faire maintenant ?"
"info","Information"
"ab_test_was_created_successfully","Votre test A/B a été crée avec succès"
"ab_test_error","Il y a eu une erreur pendant la création de votre test A/B"
"add_your_test_pages","Maintenant ajoutez vos pages à cette expérience"
"create_ab_description","Ici vous pouvez créer de nouveaux tests A/B avec Google Analytics et Google Websiteoptimizer"
"experiment_name","Nom de l'expérimentation"
"conversion_page","Page - Conversion (But)"
"test_page","Page de test"
"URL","URL"
"select_version","Sélectionnez une version"
"or","ou"
"link_settings","Lien de configuration"
"error_pasting_object","Erreur lors du collage de l'objet"
"paste_contents","Ne coller que du contenu ici"
"paste_as_child","Coller en tant qu'enfant"
"paste_recursive_as_childs","Coller en tant qu'enfant (récursif)"
"view_original","Voir l'original"
"feed","Flux "
"no_objects_found","Pas d'objets trouvés"
"no_assets_found","Pas d'images trouvées"
"no_documents_found","Pas de documents trouvés"
"public_url","URL public"
"create_ab_test","Création test A/B"
"google_websiteoptimizer","Google Website Optimizer"
"pageviews","Pages vues"
"unique_pageviews","Pages vues unique"
"visits","Visites"
"pagespervisit","Pages / visite"
"average_timeonsite","Temps moyen sur le site"
"bouncerate","Taux de rebond"
"link_sources","Sources de lien"
"google_crawling_issues","Erreurs du crawler Google (Cliquez sur les lignes pour voir les détails)"
"detail","Détails"
"crawling_issues","Problèmes de navigation"
"internal_keywords","Mots-clés internes"
"external_keywords","Mots-clés externes"
"google_webmastertools","Google Webmastertools"
"verification_filename_text","Verificationfilename<br /><small>required for verification</small>"
"analytics_notice","Lire la documentation sur les paramètres d'intégration de Google Analytics "
"outputcache_lifetime_description","Durée de vie optionnelle (en secondes) du cache output après expiration du cache, si elle n'est pas définie le cache sera vidé à chaque action effectuée dans le CMS, sinon il ne le sera pas (pour les sites à fort trafic)"
"cache_exclude_patterns_description","Expression régulière comme /^\/dir\/toexclude/"
"analytics_trackid_code","Track-ID (eg. UA-XXXXX-X)<br /><small>required for code integration</small>"
"analytics_settings_profile_description","Avant de pouvoir sélectionner un profil vous devez définir vos accès à Google Analytics pour le compte dédini dans le paramétrage système ou dans le champs si dessous."
"report_settings","Réglages des rapports"
"overview","Aperçu"
"visitor_overview","Aperçu du visiteur"
"other","Autre"
"google_analytics","Google Analytics"
"select_a_report","Sélectionnez un rapport"
"reports_and_marketing","Rapports & Marketing"
"multiselect","Multi-sélection"
"multiselect_settings","Paramètres de multi-sélection"
"handler","Gestionnaire"
"invisible","Invisible"
"only_configured_languages","Ne montrer que dans les langages configurés dans le system"
"language_settings","Paramètres des langues"
"forms","Formulaires"
"add_form_component","Ajouter un composant de formulaire"
"save_only_scheduled_tasks","Sauvegarder seulement les tâches programmées"
"minify_javascript_algorithm","Algorithme de minification Javascript"
"modified_assets","Elements modifiés"
"modification_statistic","Changements des derniers 31 derniers jours"
"minify_javascript","Minifier Javascript"
"minify_css","Minifier CSS"
"content","Contenu"
"slider_settings","Paramètres du slider"
"add_portlet","Ajouter un Portlet"
"system_statistics","Statistiques du système"
"modified_documents","Documents modifiés"
"modified_objects","Objets modifiés"
"welcome","Bienvenue"
"save_and_publish","Sauvegarder et publier"
"delete","Effacer"
"save","Sauvegarder"
"your_asset_has_been_saved_successfully","Votre élément a bien été sauvegardé"
"add_assets","Ajouter élément(s)"
"preview","Prévisualiser"
"edit_image","Editer l'image"
"simple","Simple"
"advanced","Avancé"
"basic","Basique"
"permissions","Permissions"
"assets_permissions","Droits sur les assets/éléments"
"documents_permissions"," Droits sur les documents"
"objects_permissions","Droits sur les objets"
"username","Nom d'utilisateur"
"list","Lister"
"view","Voir"
"publish","Publier"
"rename","Renommer"
"create_childs","Créer des enfants"
"settings","Configuration"
"properties","Propriétés"
"versions","Versions"
"add","Ajouter"
"date","Date"
"user","Utilisateur"
"note","Note"
"available_versions","Versions disponibles"
"controller_and_view_settings","Paramètres Controller et View"
"email_from","Depuis"
"email_subject","Sujet"
"email_to","A:"
"email_cc","CC"
"email_bcc","BCC"
"email_receive_empty_text","Liste der empfänger"
"email_settings","Paramètres d'email"
"email_settings_receiver_description","Vous pouvez spécifier plusieurs destinataires en séparant les adresses e-mail avec des points-virgules."
"email_logs","Envoyer les emails"
"email_log_from","De"
"email_log_to","A"
"email_log_cc","Cc"
"email_log_bcc","Bcc"
"email_log_sent_Date","Date d'envoi"
"email_log_subject","Sujet"
"email_log_show_html_email","Montrer l'e-mail au format HTML"
"email_log_show_text_email","Montrer l'e-mail au format texte"
"email_log_iframe_title_html","Version HTML de l'e-mail"
"email_log_iframe_title_text","Version texte de l'e-mail"
"email_log_show_text_params","Montrer les paramètres dynamiques"
"email_log_iframe_title_params"," Paramètres dynamiques"
"email_log_html","HTML"
"email_log_text","Texte"
"email_log_params"," Paramètres dynamiques"
"predefined_document_type","Type de document prédéfini"
"controller","Contrôleur"
"module","Module"
"action","Action"
"actions","Actions"
"template","Modèle"
"path_and_key_settings","Paramètres chemin et clé "
"path","Chemin"
"key","Clé"
"id","ID"
"name_and_meta_data","Nom et métadonnées"
"name","Nom"
"title","Titre"
"description","Description"
"keywords","Mots-clés"
"your_document_has_been_saved","Votre document a été sauvegardé !"
"unpublish","Non publié"
"internal_link","Lien interne"
"link_properties","Propriétés du lien"
"target","Cible"
"type","Type"
"external_link","Lien externe"
"add_folder","Ajouter un dossier"
"edit_filename","Renommer le fichier"
"please_enter_the_name_of_the_folder","Veuillez entrer le nom du dossier"
"upload_your_files_press_shift_to_select_multiple_files","Envoyer vos fichiers, cliquer sur 'Shift' pour sélectionner plusieurs fichiers"
"please_enter_the_new_name","Veuillez entrer le nouveau nom:"
"the_filename_is_already_in_use","Le nom de fichier est déjà utilisé à ce niveau, veuillez en choisir un autre."
"add_page","Ajouter une page"
"add_snippet","Ajouter un snippet"
"add_email","Ajouter email"
"add_link","Ajouter un lien"
"copy","Copier"
"paste","Coller"
"edit_key","Editer la clé"
"use_this_as_document_root_for_new_site","Utiliser ceci comme document de base pour un nouveau site"
"please_enter_the_domains_for_the_new_site","Merci d'entrer le(s) noms de domaine [séparés par des virgules] pour le nouveau site"
"edit_site_domains","Editer les noms de domaine du site"
"please_enter_the_domains_for_the_site","Veuillez entrer le(s) nom(s) de domaine (séparés par des virgules) pour le site"
"please_enter_the_new_key","Veuillez entrer la nouvelle clé"
"the_key_is_already_in_use_in_this_level_please_choose_an_other_key","La clé est déjà utilisée à ce niveau, veuillez en choisir une autre."
"close_all_tabs","Fermer tous les onglets"
"search","Rechercher"
"import","Importer"
"export","Exporter"
"clear_cache","Vider le cache"
"extensions","Extensions"
"backup","Sauvegarde"
"glossary","Glossaire"
"document_types","Types de documents"
"predefined_properties","Propriétés prédéfinies"
"users","Utilisateurs"
"profile","Profil utilisateur"
"system","Système"
"update","Mettre à jour"
"documentation","Documentation"
"report_bugs","Rapporter un bug"
"about","A propos"
"file","Fichier"
"extras","Extras"
"help","Aide"
"configuration","Configuration"
"content_type","Type de contenu"
"value","Valeur"
"new_property","Nouvelle propriété"
"add_a_predefined_property_set","Ajouter une propriété prédéfinie"
"select_a_property","Sélectionnez une propriété"
"add_a_custom_property","Ajouter une propriété personnalisée"
"all_users","Tous les utilisateurs"
"general","Général"
"admin","Administration"
"password","Mot de passe"
"language","Langue"
"please_enter_the_name","Entrez le nom svp :"
"new_document_type","Nouveau type de document"
"system_settings","Paramètres système"
"timezone","Fuseau horaire"
"mysql_database","Base de données MySQL"
"host","Serveur"
"database_name","Nom de la base de donnée"
"database_port","Port de la base de donnée"
"chmod_folder","Dossier CHMOD"
"chmod_files","Fichiers CHMOD"
"hostname_for_webdav","Nom d'hôte pour WebDAV"
"api_key","Clé API"
"secret","Secret"
"client_id","Id client"
"image_thumbnails","Miniatures d'images"
"thumbnails","Vignettes"
"quality","Qualité"
"interlace","Entrelacer"
"aspect_ratio","Zoom"
"format","Format"
"trees","Arbres"
"documents","Documents"
"assets","Eléments"
"upload","Envoi de fichier"
"width","Largeur"
"height","Hauteur"
"empty","Vide"
"workflow","Workflow"
"modify","Modifier"
"create","Créer"
"edit","Editer"
"logout","Déconnexion"
"cache","Cache"
"temporary_files","Fichiers temporaires"
"clear_temporary_files","Effacer les fichiers temporaires"
"store_version_history_in_days","Historique des versions pour X Jours"
"store_version_history_in_steps","Historique des versions pour X étapes"
"refresh","Rafraîchir"
"classes","Classes"
"static_routes","Routes statiques"
"add_class","Ajouter une classe"
"enter_the_name_of_the_new_class","Veuillez spécifier le nom de la nouvelle classe"
"layout","Mise en page"
"add_layout_component","Ajouter un composant de mise en page"
"add_data_component","Ajouter un champ"
"accordion","Accordéon"
"fieldset","Ensemble de champs"
"panel","Panneau"
"tabpanel","Onglet"
"pattern","Motif"
"variables","Variables"
"defaults","Valeurs par défaut"
"input","Champ de texte"
"checkbox","Case à cocher"
"textarea","Zone de texte"
"wysiwyg","WYSIWYG"
"numeric","Nombre"
"href","Lien vers un document"
"image","Image"
"select","Sélecteur"
"objects","Objets"
"structured","Structuré"
"geo","Géographique"
"base","Base"
"default_controller","Contrôleur par défaut"
"default_action","Action par défaut"
"error_pages","Pages d'erreur"
"no_preview_available","Désolé, pas d'aperçu disponible"
"add_object","Ajouter un objet"
"basic_configuration","Configuration basique"
"allow_inherit","Autoriser l'héritage"
"parent_class","Classe parente"
"general_settings","Paramètres généraux"
"layout_settings","Configurations de la mise en page (Admin Pimcore)"
"region","Région"
"border","Bordure"
"collapsible","Etendre"
"display_layout_to_users","Montrer la mise en page seulement à ces utilisateurs"
"date_settings","Configurations (Date)"
"input_settings","Configurations (Champs de saisie)"
"textarea_settings","Configurations (Zone de texte)"
"wysiwyg_settings","Configurations (WYSIWYG)"
"numeric_settings","Configurations (Numérique)"
"image_settings","Configurations (Image)"
"objects_settings","Configurations (Objets)"
"nonownerobjects_settings","Configurations (Objets sans propriétaire)"
"href_settings","Configurations (Href)"
"select_settings","Configurations (Select)"
"checkbox_settings","Configurations (Case à cocher)"
"allowed_classes","Classes autorisées"
"display_name","Afficher le nom"
"not_editable","Non modifiable"
"floating","Elément flottant"
"index","indexé"
"mandatoryfield","Champ requis"
"use_as_site","Utiliser comme site"
"edit_domains","Editer les domaines"
"remove_site","Retirer le site"
"text","Texte"
"document","Document"
"asset","Elément"
"bool","Booléen"
"object","Objet"
"remove","Supprimer"
"your_object_has_been_saved","Votre objet a été sauvegardé"
"hidden_dependencies","Il y a des dépendences additionnelles que votre utilisateur n'a pas le droit de voir."
"loading","Chargement"
"open","Ouvrir"
"pimcore_setup","Installateur"
"pimcore_setup_not_allowed","pimcore semble être déjà installé. La réinstallation est impossible"
"pimcore_setup_not_ready","Des erreurs se sont produites. Pimcore n'est pas prêt pour la configuration"
"db_settings_found","INFO : La configuration de la base de données à été trouvée."
"db_already_setup","INFO : Impossible de se connecter à la base de données."
"could_not_create_tables","ERREUR : L'import de la base a échoué"
"could_not_create_dir_for_log","ERREUR : Impossible de créer le répertoire pour le fichier de log"
"could_not_write_log","ERREUR! Le fichier de log n'est pas accessible en écriture. Merci d'ajuster les droits."
"system_xml_not_writeable","ERREUR! System.xml n'est pas accessible en écrture."
"system_xml_dir_not_writeable","ERREUR! Le répertoire website/var/config n'est pas accessible en écriture"
"system_xml_exists","Attention! Le fichier website/var/config/system.xml existe déjà et sera écrasé par l'installateur."
"could_not_verify_db_encoding","ERREUR : L'encodage des caractères de la base de données n'a pas pu être déterminé"
"wrong_db_encoding","ERREUR : L'encodage des caractères de la base de données n'est pas UTF8"
"no_db_connection","ERREUR : La connexion à la base de données a échouée"
"db_adapter_unknown","ERREUR! L'adaptateur de base de donnée est inconnu."
"could_not_create_admin_user","ERREUR! L'utilisateur Admin n'a pas pu être créé"
"add_user","Ajouter un utilisateur"
"could_not_write_system_xml","ERREUR! Le fichier system.xml n'a pas pu être créé"
"pimcore_setup_completed","L'installation de Pimcore à été complétée avec succès!"
"submit","Envoyer"
"steps_description","Si vous voulez utiliser les étapes de gestion de version à la place des jours, SVP laissez le champs Jours vide"
"days","Jours"
"steps","Etapes"
"adapter","Adaptateur de la base de donnée"
"dbname","Nom de la base de donnée"
"database","Base de données"
"version_days","Jours pour la gestion des versions"
"version_steps","Etapes pour la gestion des versions"
"problem_creating_new_class","Il y a eu une erreur, SVP assurez-vous que le nom de la classe comporte au moins 3 caractères."
"seemode","Voir"
"edit_current_page","Editer cette page"
"close","Fermer"
"name_already_in_use","Le nom est déjà utilisé"
"name_and_key_must_be_defined","Le nom et le type doivent être définis"
"mandatory_field_empty","Veuillez remplire tous les champs requis"
"plugins","Plugins"
"plugin_info","Info sur le plugin"
"available_plugins","Plugins disponibles"
"settings_plugins","Options"
"plugin_classname","Nom de classe du plugin"
"plugin_includepaths","Includes paths du plugin"
"plugin_namespaces","Namespaces du plugin"
"plugin_jspaths","Fichiers Javascript du plugin"
"plugin_csspaths","Fichiers CSS du plugin"
"install","Installer"
"uninstall","Désinstaller"
"plugin_uninstall_warning","Voulez-vous vraiment désinstaller ce plugin? ATTENTION! Tout le contenu relatif à ce plugin sera effacé!"
"some_fields_cannot_be_saved","Certains champs ne peuvent être sauvegardé"
"icon_path","Chemin vers l'icône"
"reload","Recharger"
"plugin_needs_reload","Ce plugin nécéssite de recharger l'interface utilisateur pour être pleinement fonctionnel. Voulez-vous recharger l'interface utilisateur maintenant?"
"plugin_installing_please_wait","Plugin en cours d'installation, veuillez patienter ..."
"schedule","Calendrier"
"time","Temps"
"version","Version"
"active","Actif"
"success","Succès"
"successful_saved_document","Votre document à été sauvegardé"
"error_moving_document","Votre document n'a pas pu être déplacé"
"translations","Traductions du site"
"translations_admin","Traductions de l'administration"
"debug_description","Quand le mode debug est activé, toutes les erreurs et les alertes sont notifiées directement dans le navigateur. Sinon elles sont désactivées et le contrôleur d'erreur prend le relais. (voir page d'erreur)"
"icon","Icône"
"add_document","Ajouter un document"
"please_enter_the_name_of_the_new_document","Entrez le nom de votre nouveau document"
"successful_saved_asset","Nouvel élément sauvegardé avec succès"
"error_saving_asset","L'élément n'a pas pu être sauveguardé"
"error_saving_document","Ce document n'a pas pu être sauveguardé"
"error_saving_object","L'objet ne peut pas être sauvegardé"
"please_enter_the_name_of_the_new_object","Veuillez entrer le nom du nouvel objet"
"slider","Slider"
"name_not_valid","Nom invalide"
"filename_not_valid","Nom invalide"
"firstname","Prénom"
"lastname","Nom"
"email","Courriel"
"cant_move_node_to_target","Déplacement du noeud impossible"
"error_moving_object","L'objet ne peut pas être déplacé"
"error_creating_object","Création de l'objet impossible"
"error_creating_document","Création du document impossible"
"domain","Nom de domaine"
"translations_are_not_configured","Les traductions ne sont pas configurées"
"read_more_here","En lire plus ici"
"admin_theme","Thème de l'administration"
"publish_version","Version publiée"
"no_version","Pas de version disponible"
"save_only_new_version","Sauvegarder uniquement la nouvelle version"
"there_is_a_newer_not_published_version","Il existe une version non plubliée plus récente"
"datetime","Date & heure"
"google_credentials_and_api_keys","Identité Google et Clés API"
"default_value","Valeur par défaut"
"button","Bouton"
"priority","Priorité"
"from","De"
"to","À"
"start","Démarrage"
"end","Fin"
"location","Lieu"
"every","Chaque"
"su","Dim."
"mo","Lun."
"tu","Mar."
"we","Mer."
"th","Jeu."
"fr","Ven."
"sa","Sam."
"categories","Catégories"
"multihref","Liens multiples"
"session_error_text","Il semble qu'il y ait un problème avec votre session. Voulez vous restez ? (à vos risques et périls)"
"session_error","Erreur de session"
"update_successful","Mise à jour réussie!"
"select_plugin_update","Sélectionner la mise à jour du plugin"
"select_update","Sélectionner la mise à jour"
"stable_updates","Mises à jour stables disponibles"
"non_stable_updates","Mises à jour non stables disponibles"
"looking_for_updates","Pimcore recherche de nouvelles versions. Suivant votre configuration, cela peut prendre du temps."
"please_wait","Veuillez patienter ..."
"latest_version_already_installed","Vous avez installé la dernière version."
"latest_pimcore_version_already_installed","Vous avez installé la dernière version de pimcore."
"plugin_update_error","Une erreur s'est produite, merci de vérifier"
"update_error","Une erreur s'est produite."
"downloading_packages","Téléchargement des paquets ..."
"start_update","Démarrer la mise à jour"
"update_in_progress","Mise à jour en cours ..."
"plugindownload","Télécharger des plugins"
"download_plugins","Télécharger des plugins"
"download","Télécharger"
"revision","Construction"
"plugin_downloaded","Plugin téléchargé"
"plugin_downloaded_info","Le plugin a été ajoute. S.V.P regardez l'onglet plugins  pour installer le plugin"
"plugin_download_failed","Le téléchargement a échoué"
"plugin_download_failed_info","Erreur de téléchargement du plugin. Vérifiez vos droits!"
"plugin_repositories","Serverus de plugins (séparés par des virgules)"
"inheritable","Héritable"
"mendatory_field_empty","Un champ obligatoire est vide"
"table","Tableau"
"rows","Lignes"
"cols","Colonnes"
"data","Donnée"
"table_settings","Paramètres tableau"
"multihref_settings","Paramètres Multihref"
"redirects","Redirections"
"source","Source"
"language_admin","Langue par défaut de l'administration"
"valid_languages_frontend","Langues valides en FrontEnd (id : fr,de,en...)"
"link","Lien"
"abbr","Abréviation"
"acronym","Acronyme"
"downloading_plugin","Téléchargement du plugin ..."
"cache_enabled","Activer"
"cache_exclude_patterns","Exclure des modèles"
"systemlog","Messages système"
"stop","Arrêter"
"outputfilters","Filtres de sortie"
"image_datauri_filter","DataURI de l'image"
"dependencies","Dépendances"
"requires","Requis"
"required_by","Requis par"
"search_edit","Recherche, Édition et Exportation"
"subtype","Sous-type "
"minify_html","Minifier le html"
"initializing","Initialisation..."
"backup_error","Une erreur s'est produite durant la sauvegarde"
"plugin_dir_error","Le répertoire de plugins n'existe pas ou n'est pas accessible en écriture"
"user_save_success","Le profil utilisateur a été sauvegardé."
"user_save_error","Le profil utilisateur ne peut être sauvegardé."
"system_settings_save_success","Les paramètres système ont bien été sauvegardés"
"system_settings_save_error","Les paramètres système n'ont pas pu être sauvegardés"
"maintenance_not_active","Il semblerait que la maintenance ne soit pas correctement configurée"
"mail_settings_incomplete","Il semblerait que la configuration mail soit incomplète"
"cover","Couverture"
"contain","Contient"
"please_select_a_type","Veuillez choisir un type"
"min_value","Valeur min."
"max_value","Valeur max."
"increment","Pas d'incrément"
"vertical","Vertical"
"datetime_settings","Paramètre date"
"filter","Filtre"
"add_filter","Ajouter le filtre"
"field","Champ"
"operator","Opérateur"
"apply","Appliquer"
"clear_filter","Vider le filtre"
"output_cache","Cache de sortie"
"lifetime","Temps de vie"
"country","Pays"
"country_settings","Paramètres du pays"
"show","Afficher"
"public","Public"
"maximum_2_versions","Vous ne pouvez comparer que 2 versions max."
"error","Erreur"
"element_is_locked","Cet élément est utilisé par une autre personne"
"element_lock_message","L'élément désiré est actuellement ouvert par une autre personne:"
"element_lock_question","Désirez-vous cependant l'ouvrir ?"
"since","Depuis"
"longitude","Longitude"
"latitude","Latitude"
"geopoint","Point géographique"
"geopoint_settings","Paramètres du point géographique"
"google_api_key_simple","Google API Key (Simple API Access for Maps, CSE, ...)"
"google_api_key_service","Google API Credentials (Service Account Client ID for Analytics, ...)"
"cancel","Annuler"
"current_address","Adresse actuelle"
"open_search_editor","Ouvrir le moteur de recherche"
"parameters","Paramètres"
"anchor","Ancre"
"accesskey","Clé d'accès"
"relation","Relation"
"tabindex","Index d'onglet"
"not_set","non-définit"
"document_restrictions","Restrictions du document"
"asset_restrictions","Restrictions de l'élément"
"object_restrictions","Restrictions de l'objet"
"allow_documents","Autoriser documents"
"allow_assets","Autoriser éléments"
"allow_objects","Autoriser objets"
"allowed_types_hint","(vide = autoriser tout)"
"allowed_document_types","Types de documents autorisés"
"allowed_asset_types","Types d'éléments autorisés"
"export_csv","CSV Export"
"import_csv","CSV Import"
"show_welcome_screen","Afficher l'écran d’accueil lors du démarrage"
"edit_user_permissions","Editer permissions utilisateur"
"plugin_misconfiguration","Le plugin ne peut pas s'ouvrir. S.V.P vérifier les droits sur le dossier contenant le plugin sur la configuration de votre serveur"
"plugin_repositories_description","Spécifiez un ou plusieurs serveurs de plugins auxquels pimcore se connecte pour télécharger et mettre à jour les plugins"
"website","Site web"
"plugin_build","construction de plugin"
"permission_overwrite_children","Sauvegarder et contraindre les enfants"
"permission_reset","Remise à zéro"
"superselectbox_empty_text","Veuillez entrer la valeur désirée et appuyer sur la touche entrée"
"valid_languages_frontend_empty_text","Merci de choisir les langues système valides"
"language_download","Télécharger des langues systèmes"
"language_downloaded","Fichier de langue téléchargé"
"language_downloaded_info","Le fichier de langue a été installé avec succès. Vous devez recharger pimcore avant que la langue ne devienne disponible.Voulez-vous recharger pimcore maintenant?"
"language_download_failed","Echec du téléchargement de la langue du système"
"language_download_failed_info","Le fichier de langue ne peut être téléchargé."
"language_translation_percentage","traduit"
"downloading_language","Téléchargement du fichier de langue"
"user_creation_error","Création de l'usager impossible"
"duplicate_username","les noms des utilisateurs et des groupes d'utilisateurs doivent être uniques"
"importFileHasHeadRow","Première ligne = titre de colonne"
"log_messages_user_mail_description","Adresse email à laquelle les messages de log sont envoyés. Cela doit être une adresse d'un administrateur. Merci de vérifier que le partamétrage des emails est correcte si vous voulez recevoir les log par email."
"log_messages_user_mail_recipient","Email de réception des messages de log"
"loglevels","Niveaux de logs"
"loglevels_description","Les niveaux coché seront logués dans site_web/var/log/debug.log. Les erreures les plus critiques sont toujours loguées, elles ne doivent pas être désactivées."
"email_senderemail","Email de l'expéditeur"
"email_sendername","Nom de l'expéditeeur"
"email_returnemail","Email de réponse"
"email_returnname","Nom de l'expéditeur de l'email de réponse"
"email_method","Méthode pour l'email"
"email_smtp_host","Hôte SMTP"
"email_smtp_port","Port SMTP"
"email_smtp_name","Nom SMTP"
"email_smtp_auth_method","Méthode d'authentification SMTP"
"no_authentication","Pas d'authentification"
"email_smtp_auth_username","Nom d'utilisateur SMTP"
"email_smtp_auth_password","Mot de passe SMTP"
"email_smtp_ssl","Sécurité de transport SMTP"
"email_debug_addresses","Adresses e-mail de debug"
"email_debug_addresses_empty_text","Entrez une liste d'adresses e-mail autorisées à recevoir les e-mails de debug"
"email_debug_domains","Domaines des e-mails de debug"
"email_debug_domains_empty_text","Entrez une liste de domaines (ex: pimcore.org) autorisés à recevoir des e-mails de debug. Toutes les adresses sur ces domaines sont autorisées à recevoir des e-mails de debug"
"no_ssl","-"
"user_settings","Configuration de l'utilisateur"
"error_deleting_object","Impossible de supprimer l'élément"
"user_object_dependencies","Utilisateur - Dépendances Element"
"user_object_dependencies_description","Cet utilisateur est référencé dans les objets suivants :"
"overwrite_object_with_same_key","Ecraser"
"overwrite_object_with_same_key_description","Quand la ré-écriture est activée, plutôt que de créer un nouvel objet à chaque ligne importée, les objet d'indice identique son remplacé. Les objets existant dans votre dossier d'import ne seront pas modifiés si aucun index ne leur correspond. Merci de noter que chaque object ayant le même index que dans votre fichier d'import seront remplacés. C'est également vrai pour des objet de classe différente ou même dossier d'objets ! Les champs d'objet configurés pour être ignorés dans le mappage des champs conserveront leurs valeurs."
"object_import_filename_description","Sélectionner le champ qui sera utilisé pour générer la clé de l'élément"
"save_pubish_close","Sauvegarder, publier et fermer"
"save_close","Sauvegarder et fermer"
"webservice","Web Service API (Mode Alpha)"
"webservice_enabled","Web Service API activé"
"webservice_description","En activant le web service, tous vos administrateurs auront accès à l'API SOAP de Pimcore décrite ici : VOTRE_NOM_DE_DOMAINE/webservice/Soap/?wsdl&username=NON_D_UTILISATEUR&token=TOKEN (Attention : le web service doit être activé pour que le WSDL soit accessible). Merci de consulter le Wiki de Pimcore pour savoir comment le token doit être généré."
"user_admin_description","Les adminstrateurs n'obtienent pas uniquement les droits listé si dessous, ils sont aussi autorisés a faire toutes les actions sur les documents, les éléments et les objets sans aucune restriction. De plus, les administrateurs peuvent accéder à tous les éléments de Pincore au travers du WebDAV et à l'API SOAP de Pincore (dans la mesure ou ceux ci sont configurés et activés dans la configuration système)."
"user_apikey_change_warning","Sachez que changer le mot de passe, change aussi la clé du service web API"
"user_apikey_description","La clé API est nécessaire pour accéder au service web pour cet utilisateur"
"apikey","Clé API"
"successful_publish_document","Votre document a été publié"
"successful_unpublish_document","Votre document a été dépublié"
"error_publish_document","Votre n'a pas pu être publié"
"error_unpublish_document","Votre document ne peut pas être publié"
"successful_publish_object","Votre objet a été publié"
"successful_unpublish_object","Votre objet a été dépublié"
"error_publish_object","Votre objet ne peut pas être publié"
"error_unpublish_object","Votre objet ne peut pas être dépublié"
"error_general","Le server a lancé une exception - l'action n'a pas pu être effectuée"
"missing_permission","Permission manquante pour cette action"
"lazy_loading","Long téléchargement"
"lazy_loading_description","Long téléchargement signifie que les objects en relation ne sont pas chargés à l'instanciation de l'object. Lors de l'accès par programmation, les relations ne sont chargé qu'à l'appel de la méthode get"
"lazy_loading_activated","(Long chargement activé)"
"non_owner_description","Objets propriétaire non représenter des relations d'un objet autre que de la même manière que les objets ne. La différence est que, d'un champ non propriétaire objet n'est pas le propriétaire des données concernant, il s'agit simplement d'une vue sur les données stockées dans d'autres objets. S'il vous plaît choisir le nom du propriétaire et sur le terrain où les données sont initialement stockées."
"owner_class","Classe propriétaire"
"owner_field","Champ propriétaire"
"nonownerobject_warning","L'objet en cours d'utilisation n'est pas le propriétaire de ces relations. Faire des modification à ce niveau pourrait ralentir la sauvegarde de cet objet."
"element_implicit_edit_question","Êtes vous sûr de vouloir le modifier avec cette action?"
"element_is_open","Element référencé déja ouvert"
"element_open_message","L'élément désiré est déja ouvert pour édition"
"nonownerobjects","Objets (Sans propriétaire)"
"nonownerobjects_self_selection","Dans le cas d'un objet non propriétaire, une relation avec moi même n'est pas possible, merci d'utiliser le champ original plutôt que le champ non propriétaire"
"warning","Avertissement"
"csv_object_export_warning","Merci de noter que les exports CSV ne supportent pas tous les types de données. En conséquence, ré-importer le précédent export CSV dans pimcore peut conduire à des pertes de données. Cliquez sur OK pour continuer l'export."
"Initializing","Initialisation"
"import_archive","Importer une archive"
"export_archive","Exporter une archive"
"element_export_skip_root","Exporter seulement les éléments enfants"
"element_export_recursive","Inclure les éléments enfants"
"element_export_include_relations","Inclure les éléments référencés"
"exporting_elements","Exportation des éléments..."
"export_items_finished","Éléments terminés"
"element_import_settings","Configuration de l'import"
"element_import_overwrite","Écraser les éléments si le chemin existe"
"importing_elements","Importation des éléments..."
"element_import","Importation de l'étément"
"element_import_finished","Import terminé"
"element_import_finished_hint","Tous les éléments ont été importés avec succès. Si des éléments déjà référencés étaient présents, pimcore a essyé de les restaurer dans leur dossiers originaux. Si le chemin n'existait pas, pimcore les a restauré dans le dossier racine"
"error_renaming_object","Une erreur est survenue lors du renommage de l'objet"
"element_import_import","éléments à importer - renommer en cas de chemins identiques"
"navigation_settings","Paramètres de navigation"
"navigation_enhanced","Paramètres avancés de navigation"
"navigation_target","Cible"
"navigation_basic","Paramètres basiques de navigation"
"further_navigation_settings","Plus de paramètres de navigation"
"navigation_exclude","Exclure de la navigation"
"allow_variants","Permettre des déclinaisons"
"variants","Déclinaisons"
"variant","Déclinaison"
"add_variant","Rajouter une déclinaison"
"please_enter_the_name_of_the_new_variant","Merci de renseigner le nom de la nouvelle déclinaison"
"remove_variant","Supprimer une déclinaison"
"remove_variant_text","Êtes vous sûr de vouloir supprimer cette déclinaison?"
"error_creating_variant","Erreur lors de la création de la déclinaison"
"prevented creating object because object with same path+key already exists","Une erreur est apparue lors de la création de la déclinaison car un objet avec le même chemin+clé existe déjà"
"allowed_class_field","Classe/Champ autorisés"
"swf_upload_text_add","Rajouter un/des fichier(s)"
"swf_upload_text_upload","Envoyer un/des fichier(s)"
"swf_upload_text_cancel","Annuler l'envoi"
"swf_upload_text_clear","Nettoyer la file d'attente"
"swf_upload_text_progressbar","Barre de progression"
"swf_upload_text_remove","Supprimer le fichier"
"swf_upload_text_remove_sure","Êtes vous sûr de vouloir supprimer ce fichier de la file d'attente?"
"swf_upload_text_error","Erreur"
"swf_upload_text_uploading","En cours d'envoi de fichier : {0} ({1} sur {2})"
"swf_upload_header_filename","Nom du fichier"
"swf_upload_header_size","Taille"
"swf_upload_header_status","Statut"
"swf_upload_status_queued","En file d'attente"
"swf_upload_status_uploading","En cours d'envoi..."
"swf_upload_status_completed","Terminé"
"swf_upload_status_error","Erreur"
"swf_upload_status_cancelled","Annulé"
"swf_upload_error_queue_exceeded","Le nombre de fichier(s) sélectionné(s) dépassent le nombre maximal de {0} fichiers en attente."
"swf_upload_error_queue_slots_0","Il ne reste pas d'emplacement disponible"
"swf_upload_error_queue_slots_1","Il ne reste qu'un emplacement disponible"
"swf_upload_error_queue_slots_2","Il ne reste que {0} emplacements disponibles"
"swf_upload_error_size_exceeded","La taille des fichiers sélectionnés dépasse la taille maximale autorisée de {0}."
"swf_upload_error_zero_byte_file","Fichier de taille nulle sélectionné"
"swf_upload_error_invalid_filetype","Type de fichier sélectionné invalilde"
"swf_upload_error_file_not_found","Fichier non trouvé 404"
"swf_upload_error_security_error","Erreur de sécurité. Vous n'êtes pas autorisé à poster sur une url différente"
"delete_message_dependencies","Il existe des dépendances, supprimer quand même?"
"delete_message","Êtes vous sûr de vouloir supprimer l'élément?"
"objectbricks","Objets imbriqués"
"add_objectbrick","Rajouter des objets imbriqués"
"delete_objectbrick","Supprimer des objets imbriqués"
"delete_objectbrick_text","Voulez vous vraiment supprimer les objets imbriqués sélectionnés ?"
"class_definitions","Définition de la classe"
"enter_the_name_of_the_new_objectbrick","Entrer le nom du nouvel objet imbriqué"
"no_further_objectbricks_allowed","Aucun autre objet imbriqué autorisé"
"problem_creating_new_objectbrick","Problème lors de la création de l'objet imbriqué"
"structuredTable","Tableau structurés"
"structuredTable_settings","Tableau des paramètres structurés"
"position","Position"
"structuredtable_type_number","Nombre"
"structuredtable_type_text","Texte"
"structuredtable_type_bool","Case à cocher"
"structuredtable_invalid_key","Touche non valide"
"data_width","Largeur de la colonne"
"grid_current_language","Langue courante"
"grid_column_config","Configuration de colonne"
"selected_grid_columns","Colonnes de la grille sélectionnés"
"object_columns","Objet colonnes"
"system_columns","Les colonnes système"
"columns","Colonnes"
"children_grid","Grille enfant"
"only_children","juste les objets enfants directs"
"hotspotimage_add_selector","Ajouter Hotspot"
"hotspotimage_enter_name_of_new_hotspot","Entrer le nom du nouveau Hotspot"
"hotspotimage","Image avec Hotspots"
"hotspotimage_no_image","Veuillez spécifier une image en premier"
"objectsMetadata_allowed_class","Classes autorisées"
"objectsMetadata_visible_fields","Champs visibles"
"objectsMetadata_type_number","Nombre"
"objectsMetadata_type_text","Texte"
"objectsMetadata_type_bool","Booléen"
"objectsMetadata_type_select","Liste déroulante"
"objectsMetadata_settings","Paramétrages (objets avec métadata)"
"objectsMetadata","Objets avec métadata"
"objectbrick_saved_successfully","Briques objet sauvegardé avec succès"
"cut","Couper"
"paste_cut_element","Elément coupé collé"
"","Ajouter un groupe d'utilisateurs"
"","Toutes les classes"
"","Autoriser les deux"
"","Ici vous pouvez définir plusieurs comptes Google pour Analytics, si vous laissez ce champ vide le compte google du système est utilisé."
"","Google Track-ID (ex. UA-XXXXX-X) "
"","Désactiver les cookies"
"","Durée de vie optionnel des fichiers cache après expiration, si non défini nétoyé après chaque action dans le CMS"
"","CDN"
"","Nom des hôtres CDN"
"","Comportements des CDN inclus"
"","Effacer un utilisateur"
"","Effacer un groupe d'utilisateurs"
"","Clé développeur"
"","Mode de Stade de développement"
"","Mode de phase de développement est opérationnelle"
"","La synchronisation est terminée. Commençons l'admin 'Live-Mode'"
"","Voulez-vous passer de l'état actuel dans le 'mode de développement scène» au système de vivre?"
"","Activer le mode scène le développement"
"","Etes-vous sûr que vous voulez activer le mode de développement?<br /><b>NOTE: S'il vous plaît effectuer un nettoyage avant de procéder!</b>"
"","Mode de phase de développement est maintenant prêt. Maintenant il est temps de passer à ce stade."
"","Page d'erreur"
"","Accès Google"
"","Par exemple, le compte Google est utilisé pour l'intégration de Youtube et Analytics."
"","Clé API Google Maps"
"","La clef de l'API est recommandé pour la localisation géographique, cela activera un mode d'édition avancé."
"","Clé de l'API Google Maps v3"
"","Charger les données maintenant"
"","Il semblerait que la maintenance n'ait pas été correctement installée"
"","Elements"
"","Classes"
"","Vider le cache"
"","Supprimer les fichiers temporaires"
"","Types de document"
"","Documents"
"","Formulaires"
"","Objets"
"","Plugins"
"","Propriétés prédéfinies"
"","Routes"
"","Mode vue"
"","Paramètres système"
"","Vignettes"
"","Traductions"
"","Utilisateurs"
"","Glossaire"
"","Redirection"
"","Rapports et Marketing"
"","Mise à jour"
"","Veuillez entrer le nom du groupe d'utilisateurs:"
"","Veuillez entrer le nom d'utilisateur :"
"","API Scribd (pour la prévisualisation des contenus)"
"","Scribd n'est pas configuré. Pour activer la prévisualisation des vidéo merci de vérifier la configuration de Scribd dans les paramètre système."
"","Choisir l'ensemble de champs"
"","Si vous voulez utiliser le «mode de développement 'Stage ', vous devez définir une base de données alternatives (même utilisateur et hôte) et un nom d'hôte qui est utilisé pour le dev-environnement."
"","Informations système"
"","Il y a des dépendences, continuer quand même ?"
"","Vérification du nom du fichier"
"","Vous pouvez définir plusieurs Comptes google pour le webmaster tools.Laissez vide pour utiliser le compte google défini par défaut pour le sytème"
"","YouTube API (pour prévisualisation d'élément)"
"","Youtube n'est pas configuré. Pour activer la prévisualisation des vidéo merci de vérifier la configuration de Youtube dans les paramètre système."
